day,morphology,oxygen_levels,glucose_levels,morphology_death,glucose_death,oxygen_death,H2O_levels,NH4Cl_levels,KH2PO4_levels,MgSO4_levels,NaCl_levels,CaCl2_levels,FeSO4_levels,ZnCl2_levels,nutrients_death,toxin_in_blood,toxin_death
0,0.9748305905125969,4173.28955078125,7.087301731109619,0.0,0.0,0.0,24.214284896850586,93.03836059570312,60.292327880859375,22.38359832763672,60.8716926574707,31.845237731933594,26.067461013793945,73.69312286376953,0.0,0.0,0.0
1,0.9692832764500393,4283.5068359375,6.977513313293457,0.0,0.0,0.0,24.146825790405273,94.46428680419922,61.35185241699219,22.0238094329834,61.44841384887695,36.658729553222656,25.994709014892578,74.28042602539062,0.0,0.0,0.0
2,0.9667318982382745,4363.615234375,7.095238208770752,0.0,0.0,0.0,24.517196655273438,93.20899200439453,60.34788513183594,21.960317611694336,61.22751235961914,39.05820083618164,26.05820083618164,74.00529479980469,0.0,0.0,0.0
3,0.9748305905125969,4445.52783203125,7.0013227462768555,0.0,0.0,0.0,24.496030807495117,94.41004943847656,61.72883605957031,22.23015785217285,61.988094329833984,41.465606689453125,25.77645492553711,74.61904907226562,0.0,0.0,0.0
4,0.973339796412519,4517.0634765625,7.019841194152832,0.0,0.0,0.0,24.707672119140625,92.94709014892578,60.98147964477539,21.978836059570312,61.6216926574707,43.822750091552734,25.740739822387695,74.161376953125,0.0,0.0,0.0
5,0.9683081423691037,4594.09375,7.02910041809082,0.0,0.0,0.0,24.870370864868164,94.79232788085938,62.41402053833008,22.543651580810547,62.44179916381836,45.37963104248047,25.335979461669922,74.62566375732422,0.0,0.0,0.0
6,0.970287384315163,4677.71826171875,7.123015880584717,0.0,0.0,0.0,24.94709014892578,92.9986801147461,60.64021301269531,21.682538986206055,61.85978698730469,46.599205017089844,25.316137313842773,73.3968276977539,0.0,0.0,0.0
7,0.9742593491981669,4760.82421875,7.197090148925781,0.0,0.0,0.0,25.248676300048828,94.9047622680664,61.925926208496094,21.982803344726562,63.04894256591797,47.27645492553711,24.94841194152832,73.80290985107422,0.0,0.0,0.0
8,0.991008991008496,4830.49609375,7.347883701324463,0.0,0.0,0.0,24.851852416992188,93.85185241699219,61.86111068725586,21.748676300048828,62.69444274902344,47.5,24.842592239379883,73.76322937011719,0.0,0.0,0.0
9,0.9930139720553927,4600.12451171875,6.4986772537231445,0.0,0.0,0.0,24.115079879760742,90.45237731933594,60.47222137451172,20.187829971313477,60.092594146728516,47.546295166015625,23.6044979095459,70.59391784667969,0.0,0.0,0.0
10,0.9970119521907386,4741.5185546875,6.849206447601318,0.0,0.0,0.0,23.654762268066406,91.47090148925781,61.19444274902344,20.646825790405273,60.269840240478516,47.25925827026367,23.755290985107422,71.40079498291016,0.0,0.0,0.0
11,0.9955112219446407,4793.55029296875,6.506613731384277,0.0,0.0,0.0,23.906084060668945,91.53042602539062,60.80820083618164,20.19841194152832,60.507938385009766,47.068782806396484,23.231481552124023,69.43254089355469,0.0,0.0,0.0
12,0.9929999999995035,4897.6572265625,6.601851940155029,0.0,0.0,0.0,23.632274627685547,91.34920501708984,61.71957778930664,20.293651580810547,60.619049072265625,46.62036895751953,23.121692657470703,70.76058197021484,0.0,0.0,0.0
13,0.9970119521907386,4912.89013671875,6.47089958190918,0.0,0.0,0.0,24.309524536132812,91.64021301269531,61.739418029785156,20.076719284057617,61.1137580871582,46.18650817871094,22.72089958190918,69.1468276977539,0.0,0.0,0.0
14,0.9999999999995035,5035.81884765625,6.5,0.0,0.0,0.0,23.715608596801758,91.40872955322266,62.48677062988281,20.015872955322266,61.3716926574707,45.457672119140625,22.568782806396484,69.96428680419922,0.0,0.0,0.0
15,0.9965122072740425,5076.69580078125,6.431216716766357,0.0,0.0,0.0,23.981481552124023,91.34127044677734,61.97883605957031,19.83465576171875,61.77777862548828,42.912696838378906,22.105819702148438,69.16666412353516,0.0,0.0,0.0
16,0.9859013091636526,5166.16015625,6.420634746551514,0.0,0.0,0.0,23.433862686157227,91.00396728515625,63.100528717041016,19.736772537231445,62.02381134033203,42.82672119140625,21.906084060668945,69.59391784667969,0.0,0.0,0.0
17,0.9929999999995035,5235.56591796875,6.399470806121826,0.0,0.0,0.0,23.69444465637207,91.12433624267578,63.11772537231445,19.490739822387695,62.354496002197266,41.514549255371094,21.52910041809082,69.10581970214844,0.0,0.0,0.0
18,0.9995032290109293,5301.77392578125,6.411375522613525,0.0,0.0,0.0,23.211639404296875,90.87433624267578,63.86243438720703,19.539682388305664,62.596561431884766,40.734127044677734,21.309524536132812,69.12963104248047,0.0,0.0,0.0
19,0.9970119521907386,5378.70654296875,6.391534328460693,0.0,0.0,0.0,23.21825408935547,90.71957397460938,63.55158615112305,19.291006088256836,62.681217193603516,38.16666793823242,20.874338150024414,68.54629516601562,0.0,0.0,0.0
20,0.9980099502482597,5455.8173828125,6.374338626861572,0.0,0.0,0.0,22.707672119140625,89.81745910644531,62.55687713623047,19.105819702148438,62.67063522338867,36.685184478759766,20.570106506347656,67.90211486816406,0.0,0.0,0.0
21,0.9924962481235655,5524.7158203125,6.298941612243652,0.0,0.0,0.0,22.379629135131836,90.21295928955078,63.677249908447266,19.072751998901367,62.94312286376953,35.911376953125,20.371692657470703,67.95635223388672,0.0,0.0,0.0
22,0.991487230845773,5579.87841796875,6.362433910369873,0.0,0.0,0.0,22.030424118041992,89.78174591064453,63.578041076660156,18.879629135131836,62.84391403198242,34.55555725097656,20.05820083618164,67.838623046875,0.0,0.0,0.0
23,0.9995032290109293,5643.615234375,6.260581970214844,0.0,0.0,0.0,21.867725372314453,90.21031951904297,63.042327880859375,18.771163940429688,63.05952453613281,33.0476188659668,19.714284896850586,67.77645874023438,0.0,0.0,0.0
24,0.9955112219446407,5708.6904296875,6.294973373413086,0.0,0.0,0.0,21.599206924438477,90.24073791503906,62.91402053833008,18.719575881958008,63.31745910644531,32.179893493652344,19.462963104248047,67.65079498291016,0.0,0.0,0.0
25,0.9940059940054975,5743.5341796875,6.138888835906982,0.0,0.0,0.0,21.36640167236328,90.31349182128906,63.17460250854492,18.55555534362793,63.44841384887695,30.998676300048828,19.144180297851562,67.45105743408203,0.0,0.0,0.0
26,0.9924962481235655,5808.041015625,6.162698268890381,0.0,0.0,0.0,21.06084632873535,89.86772155761719,63.457672119140625,18.47751235961914,63.56216812133789,30.1044979095459,18.88888931274414,67.35713958740234,0.0,0.0,0.0
27,0.9909819639273593,5786.01611328125,6.076719760894775,0.0,0.0,0.0,20.759260177612305,89.28174591064453,62.096561431884766,18.261905670166016,63.88359832763672,28.453702926635742,18.488094329833984,66.37698364257812,0.0,0.0,0.0
28,0.9965122072740425,5844.4326171875,6.092592716217041,0.0,0.0,0.0,20.35714340209961,88.57804107666016,61.41798782348633,17.908729553222656,63.30555725097656,27.14153480529785,18.251323699951172,66.05158996582031,0.0,0.0,0.0
29,0.995551161640635,5831.12158203125,6.088624477386475,0.0,0.0,0.0,20.11111068725586,87.31084442138672,59.50132369995117,17.75,63.41005325317383,26.14021110534668,17.592592239379883,65.18782806396484,0.0,0.0,0.0
30,0.992548435170893,5881.33349609375,5.939153671264648,0.0,0.0,0.0,19.85978889465332,86.81745910644531,56.73147964477539,17.493385314941406,63.27513122558594,24.148147583007812,17.20105743408203,63.796295166015625,0.0,0.0,0.0
31,0.9925037481254411,5889.376953125,6.068783283233643,0.0,0.0,0.0,19.682538986206055,86.8306884765625,56.492061614990234,17.374338150024414,63.61111068725586,23.952381134033203,17.0238094329834,63.734127044677734,0.0,0.0,0.0
32,0.9945137157102272,5982.49755859375,5.976190567016602,0.0,0.0,0.0,19.399471282958984,86.32275390625,56.17327880859375,17.33730125427246,63.55555725097656,22.39021110534668,16.646825790405273,63.320106506347656,0.0,0.0,0.0
33,0.9980119284289274,6053.93505859375,6.048941612243652,0.0,0.0,0.0,19.009260177612305,85.60449981689453,56.09391403198242,17.124338150024414,63.05290985107422,20.80158805847168,16.088624954223633,64.12566375732422,0.0,0.0,0.0
34,0.9935097353964086,6140.75244140625,5.940476417541504,0.0,0.0,0.0,18.936508178710938,84.89153289794922,55.00925827026367,17.011905670166016,62.7023811340332,19.58730125427246,15.66534423828125,63.69047546386719,0.0,0.0,0.0
35,0.9945137157102272,6225.029296875,5.846560955047607,0.0,0.0,0.0,18.978836059570312,85.01719665527344,55.07539749145508,16.911375045776367,62.54365158081055,18.845237731933594,15.120369911193848,64.18782806396484,0.0,0.0,0.0
36,0.993006993006497,6256.28955078125,5.969576835632324,0.0,0.0,0.0,18.585979461669922,84.53836059570312,53.907405853271484,16.646825790405273,62.4193115234375,17.906084060668945,15.109787940979004,63.578041076660156,0.0,0.0,0.0
37,0.9899799599193437,6254.58740234375,5.884920597076416,0.0,0.0,0.0,18.80290985107422,84.1468276977539,52.81745910644531,16.543651580810547,62.126983642578125,17.22089958190918,14.619047164916992,63.30952453613281,0.0,0.0,0.0
38,0.9899799599193437,6216.6748046875,5.859788417816162,0.0,0.0,0.0,18.411375045776367,83.11243438720703,51.52381134033203,16.47222137451172,61.9603157043457,16.346561431884766,14.347883224487305,62.72618865966797,0.0,0.0,0.0
39,0.996015936254484,6254.60693359375,5.907407283782959,0.0,0.0,0.0,18.411375045776367,82.6759262084961,49.60185241699219,16.423280715942383,61.56745910644531,15.519841194152832,13.899471282958984,62.346561431884766,0.0,0.0,0.0
40,0.999007936507441,6194.06884765625,5.776454925537109,0.0,0.0,0.0,17.80158805847168,82.19973754882812,48.657405853271484,16.231481552124023,61.45502471923828,14.746031761169434,13.682539939880371,61.64021301269531,0.0,0.0,0.0
41,0.9965156794420127,6263.3173828125,5.828042507171631,0.0,0.0,0.0,17.855819702148438,81.88756561279297,47.54894256591797,16.293651580810547,61.3716926574707,14.048941612243652,13.329364776611328,61.54365158081055,0.0,0.0,0.0
42,0.9889669007016103,6231.4892578125,5.726190567016602,0.0,0.0,0.0,17.494709014892578,81.6706314086914,46.574073791503906,15.961640357971191,61.58597946166992,13.428571701049805,13.046296119689941,60.94841384887695,0.0,0.0,0.0
43,0.9935097353964086,6268.25244140625,5.798941612243652,0.0,0.0,0.0,17.429893493652344,80.85053253173828,45.453704833984375,15.931217193603516,61.39418029785156,12.789682388305664,12.65079402923584,60.63227462768555,0.0,0.0,0.0
44,0.9970149253726384,6296.01708984375,5.718254089355469,0.0,0.0,0.0,17.14153480529785,80.23809814453125,44.007938385009766,15.537036895751953,60.911376953125,11.895503044128418,11.469576835632324,60.480159759521484,0.0,0.0,0.0
45,0.9904857285923934,6294.548828125,5.801587104797363,0.0,0.0,0.0,17.103174209594727,80.0013198852539,42.63756561279297,15.17724895477295,60.630950927734375,11.161375999450684,11.44444465637207,59.35581970214844,0.0,0.0,0.0
46,0.990990990990495,6301.17724609375,5.596560955047607,0.0,0.0,0.0,16.846561431884766,79.4126968383789,42.1283073425293,15.093914985656738,60.78571319580078,10.775132179260254,11.123015403747559,60.22354507446289,0.0,0.0,0.0
47,0.9970149253726384,6335.79345703125,5.679893970489502,0.0,0.0,0.0,16.35978889465332,79.14418029785156,41.27381134033203,15.0,60.48147964477539,10.161375999450684,10.654762268066406,59.54894256591797,0.0,0.0,0.0
48,0.9955156950667685,6383.8427734375,5.537036895751953,0.0,0.0,0.0,16.42195701599121,78.76322937011719,40.604496002197266,14.804232597351074,60.5,9.789682388305664,10.568782806396484,60.13492202758789,0.0,0.0,0.0
49,0.991495747873441,6419.541015625,5.6137566566467285,0.0,0.0,0.0,16.128307342529297,78.40872955322266,39.80158615112305,14.716931343078613,60.408729553222656,9.306878089904785,10.142857551574707,59.9589958190918,0.0,0.0,0.0
50,0.9935032483753156,6401.697265625,5.5410051345825195,0.0,0.0,0.0,16.046297073364258,76.9417953491211,38.43650817871094,14.416666984558105,59.55820083618164,8.531745910644531,9.13888931274414,59.89285659790039,0.0,0.0,0.0
51,0.9935032483753156,6413.75927734375,5.539682388305664,0.0,0.0,0.0,15.862433433532715,76.33333587646484,37.63492202758789,14.332010269165039,59.337303161621094,8.048941612243652,8.850528717041016,59.649471282958984,0.0,0.0,0.0
52,0.9955112219446407,6447.03173828125,5.48544979095459,0.0,0.0,0.0,15.567460060119629,76.00529479980469,36.87434005737305,14.149471282958984,59.252647399902344,7.667989253997803,8.57275104522705,59.88888931274414,0.0,0.0,0.0
53,0.9945082376430382,6473.20654296875,5.548941612243652,0.0,0.0,0.0,15.448412895202637,75.61111450195312,36.066139221191406,14.059523582458496,59.0396842956543,7.267195701599121,8.183862686157227,59.80687713623047,0.0,0.0,0.0
54,0.9924962481235655,6468.07666015625,5.519841194152832,0.0,0.0,0.0,14.833333015441895,75.22222137451172,35.265872955322266,13.882275581359863,58.86640167236328,6.859788417816162,8.023809432983398,59.67460250854492,0.0,0.0,0.0
55,0.990476190475694,6512.37060546875,5.510581970214844,0.0,0.0,0.0,15.015872955322266,74.3531723022461,34.433860778808594,13.736772537231445,58.6137580871582,6.48544979095459,7.567460536956787,59.68783187866211,0.0,0.0,0.0
56,0.9919919919914955,6513.81591796875,5.6335978507995605,0.0,0.0,0.0,14.451058387756348,73.6031723022461,33.54497528076172,13.525132179260254,58.33597946166992,6.171957492828369,7.396825313568115,59.399471282958984,0.0,0.0,0.0
57,0.9909819639273593,6462.92578125,5.5211639404296875,0.0,0.0,0.0,14.189153671264648,71.9259262084961,32.207672119140625,13.452381134033203,57.3306884765625,5.648148059844971,6.653439044952393,58.70502471923828,0.0,0.0,0.0
58,0.9975111996012954,6508.26318359375,5.587301731109619,0.0,0.0,0.0,14.095237731933594,72.07804107666016,31.58730125427246,13.432539939880371,57.310848236083984,5.4087300300598145,6.52910041809082,58.22486877441406,0.0,0.0,0.0
59,0.9975111996012954,6520.33447265625,5.476190567016602,0.0,0.0,0.0,13.84656047821045,71.3161392211914,30.734127044677734,13.010581970214844,57.03703689575195,5.0211639404296875,6.218254089355469,58.0806884765625,0.0,0.0,0.0
60,0.9945082376430382,6561.291015625,5.490740776062012,0.0,0.0,0.0,13.447090148925781,70.6547622680664,29.847883224487305,12.998677253723145,57.0,4.773809432983398,5.828042507171631,58.01719665527344,0.0,0.0,0.0
61,0.9935032483753156,6595.61767578125,5.44444465637207,0.0,0.0,0.0,13.55820083618164,69.94444274902344,29.02777862548828,12.837301254272461,56.743385314941406,4.5,5.534391403198242,57.94179916381836,0.0,0.0,0.0
62,0.9960119641071804,6597.72216796875,5.47089958190918,0.0,0.0,0.0,13.160053253173828,68.95899200439453,28.00264549255371,12.780423164367676,56.37036895751953,4.190476417541504,5.518518447875977,57.7169303894043,0.0,0.0,0.0
63,0.9940059940054975,6676.421875,5.351851940155029,0.0,0.0,0.0,13.160053253173828,68.46957397460938,27.182538986206055,12.436508178710938,56.369049072265625,3.9417989253997803,5.197090148925781,57.82539749145508,0.0,0.0,0.0
64,0.9970119521907386,6701.55029296875,5.328042507171631,0.0,0.0,0.0,12.686508178710938,67.29762268066406,26.264551162719727,12.316137313842773,55.71296310424805,3.6693122386932373,4.919312000274658,57.70634841918945,0.0,0.0,0.0
65,0.9960119641071804,6747.0068359375,5.347883701324463,0.0,0.0,0.0,12.531745910644531,66.93782806396484,25.42195701599121,12.178571701049805,55.38756561279297,3.392857074737549,4.712963104248047,57.53174591064453,0.0,0.0,0.0
66,0.9965122072740425,6780.7685546875,5.374338626861572,0.0,0.0,0.0,12.367724418640137,65.85185241699219,24.496030807495117,12.095237731933594,54.756614685058594,3.129629611968994,4.244709014892578,57.328041076660156,0.0,0.0,0.0
67,0.9940059940054975,6755.955078125,5.316137790679932,0.0,0.0,0.0,12.538359642028809,65.12566375732422,23.789682388305664,11.902116775512695,54.65608596801758,2.924603223800659,4.218254089355469,57.00529098510742,0.0,0.0,0.0
68,0.9995032290109293,6863.47607421875,5.296296119689941,0.0,0.0,0.0,12.215608596801758,64.5740737915039,22.986772537231445,11.698412895202637,54.51322937011719,2.719576835632324,3.992063522338867,57.19444274902344,0.0,0.0,0.0
69,0.9940059940054975,6883.2431640625,5.207672119140625,0.0,0.0,0.0,12.211640357971191,63.993385314941406,22.313491821289062,11.551587104797363,54.234127044677734,2.5092592239379883,3.832010507583618,57.019840240478516,0.0,0.0,0.0
70,0.9940059940054975,6958.787109375,5.197090148925781,0.0,0.0,0.0,11.390212059020996,63.403438568115234,21.61243438720703,11.424603462219238,53.8306884765625,2.2936508655548096,3.6891534328460693,57.14285659790039,0.0,0.0,0.0
71,0.9999999999995035,6995.24755859375,5.198412895202637,0.0,0.0,0.0,11.568782806396484,62.85581970214844,20.822751998901367,11.166666984558105,53.55290985107422,2.1362433433532715,3.5410053730010986,56.993385314941406,0.0,0.0,0.0
72,0.9990059642142152,7076.1455078125,5.1335978507995605,0.0,0.0,0.0,11.20634937286377,62.27513122558594,20.070106506347656,11.178571701049805,53.43650817871094,1.9365079402923584,3.424603223800659,57.10185241699219,0.0,0.0,0.0
73,0.9929999999995035,7084.5341796875,5.125661373138428,0.0,0.0,0.0,11.130952835083008,61.78042221069336,19.36111068725586,10.879630088806152,53.07936477661133,1.7724868059158325,3.283068895339966,56.9523811340332,0.0,0.0,0.0
74,0.9940059940054975,7084.50390625,5.0714287757873535,0.0,0.0,0.0,11.09920597076416,61.078041076660156,18.681217193603516,10.751322746276855,52.816139221191406,1.6388888359069824,3.1693122386932373,57.010581970214844,0.0,0.0,0.0
75,0.9995032290109293,7103.68505859375,5.111111164093018,0.0,0.0,0.0,10.52645492553711,60.342594146728516,17.949735641479492,10.515872955322266,52.41534423828125,1.5291005373001099,3.0634920597076416,56.238094329833984,0.0,0.0,0.0
76,0.9945082376430382,7103.28173828125,5.0410051345825195,0.0,0.0,0.0,9.876984596252441,59.66402053833008,17.345237731933594,10.38624382019043,51.74074172973633,1.367724895477295,2.9391534328460693,56.1137580871582,0.0,0.0,0.0
77,0.9940059940054975,7169.798828125,5.082010746002197,0.0,0.0,0.0,9.894180297851562,59.06216812133789,16.72354507446289,10.166666984558105,51.653438568115234,1.2830687761306763,2.867724895477295,56.072750091552734,0.0,0.0,0.0
78,0.9945082376430382,7212.548828125,4.984127044677734,0.0,0.0,0.0,9.657407760620117,58.30687713623047,16.02910041809082,9.951058387756348,51.181217193603516,1.0925925970077515,2.687830686569214,55.89682388305664,0.0,0.0,0.0
79,0.9995032290109293,7255.53564453125,4.996031761169434,0.0,0.0,0.0,9.560846328735352,57.9523811340332,15.353174209594727,9.705026626586914,50.747352600097656,1.1441799402236938,2.533068895339966,55.908729553222656,0.0,0.0,0.0
80,0.9945082376430382,7317.02783203125,4.903439044952393,0.0,0.0,0.0,9.199735641479492,56.40608596801758,14.612433433532715,9.466931343078613,50.095237731933594,0.9656084775924683,2.3359787464141846,55.76852035522461,0.0,0.0,0.0
81,0.9929999999995035,7352.06591796875,5.027777671813965,0.0,0.0,0.0,8.936508178710938,55.49470901489258,13.943121910095215,9.343914985656738,49.63227462768555,0.9510582089424133,2.182539701461792,55.649471282958984,0.0,0.0,0.0
82,0.9960119641071804,7428.3837890625,4.894179821014404,0.0,0.0,0.0,9.018518447875977,54.6283073425293,13.244709014892578,8.986772537231445,49.161376953125,0.8677248954772949,2.07275128364563,55.62434005737305,0.0,0.0,0.0
83,0.9975111996012954,7431.197265625,4.9285712242126465,0.0,0.0,0.0,8.813491821289062,53.453704833984375,12.608465194702148,8.814814567565918,48.765872955322266,0.8769841194152832,1.9378306865692139,55.19709014892578,0.0,0.0,0.0
84,0.9965122072740425,7443.7236328125,4.882275104522705,0.0,0.0,0.0,8.515872955322266,52.62963104248047,12.030423164367676,8.481481552124023,48.19576644897461,0.8320105671882629,1.8941799402236938,55.4523811340332,0.0,0.0,0.0
85,0.9940059940054975,7452.4326171875,4.808200836181641,0.0,0.0,0.0,8.431217193603516,51.93254089355469,11.484127044677734,8.341269493103027,47.929893493652344,0.8055555820465088,1.7447090148925781,54.911376953125,0.0,0.0,0.0
86,0.9894631209227348,7457.98828125,4.817460536956787,0.0,0.0,0.0,8.47354507446289,50.96957778930664,10.86375617980957,8.050264358520508,47.4193115234375,0.7195767164230347,1.6216931343078613,53.578041076660156,0.0,0.0,0.0
87,0.9929999999995035,7421.18798828125,4.809523582458496,0.0,0.0,0.0,8.378307342529297,50.32143020629883,10.365078926086426,7.842592716217041,46.980159759521484,0.75,1.547619104385376,53.42063522338867,0.0,0.0,0.0
88,0.9995032290109293,7423.85693359375,4.761904716491699,0.0,0.0,0.0,8.272486686706543,49.570106506347656,9.937830924987793,7.623015880584717,46.34788513183594,0.8756613731384277,1.45634925365448,52.69709014892578,0.0,0.0,0.0
89,0.9975111996012954,7474.0712890625,4.842592716217041,0.0,0.0,0.0,8.171957969665527,48.314815521240234,9.289682388305664,7.416666507720947,45.7896842956543,0.9682539701461792,1.4074074029922485,52.485450744628906,0.0,0.0,0.0
90,0.9894631209227348,7373.57275390625,4.7910051345825195,0.0,0.0,0.0,8.021163940429688,47.42460250854492,8.843914985656738,7.19444465637207,45.150794982910156,0.682539701461792,1.2843915224075317,52.22751235961914,0.0,0.0,0.0
91,0.9894631209227348,7466.3134765625,4.80555534362793,0.0,0.0,0.0,8.128307342529297,46.269840240478516,8.674603462219238,7.023809432983398,45.24470901489258,1.5066137313842773,1.3941799402236938,52.50396728515625,0.0,0.0,0.0
92,0.9985082048727009,7402.138671875,4.7910051345825195,0.0,0.0,0.0,7.789682388305664,44.4193115234375,8.13624382019043,6.739418029785156,44.54894256591797,1.435185194015503,1.2724868059158325,51.742061614990234,0.0,0.0,0.0
93,0.9985082048727009,7473.80419921875,4.783068656921387,0.0,0.0,0.0,7.919312000274658,44.0476188659668,8.218254089355469,6.80555534362793,44.41798782348633,2.2870371341705322,1.6216931343078613,51.662696838378906,0.0,0.0,0.0
94,0.9899699097286911,7391.20361328125,4.775132179260254,0.0,0.0,0.0,7.920634746551514,42.769840240478516,7.58994722366333,6.351851940155029,43.82539749145508,1.9404761791229248,1.4695767164230347,51.0330696105957,0.0,0.0,0.0
95,0.9929999999995035,7416.2568359375,4.765872955322266,0.0,0.0,0.0,7.642857074737549,42.04894256591797,7.411375522613525,6.273809432983398,43.1216926574707,2.294973611831665,1.5,51.310848236083984,0.0,0.0,0.0
96,0.9960119641071804,7469.966796875,4.834656238555908,0.0,0.0,0.0,8.268518447875977,40.61507797241211,7.486772537231445,6.227513313293457,42.89285659790039,2.432539701461792,1.5529100894927979,50.78042221069336,0.0,0.0,0.0
97,0.9960119641071804,7444.93896484375,4.768518447875977,0.0,0.0,0.0,8.04100513458252,39.8783073425293,7.27910041809082,5.89550256729126,42.149471282958984,3.08730149269104,1.5873016119003296,51.411376953125,0.0,0.0,0.0
98,0.9945082376430382,7349.884765625,4.806878089904785,0.0,0.0,0.0,8.455026626586914,38.91402053833008,7.332010746002197,6.062169075012207,41.828041076660156,2.937830686569214,1.771164059638977,50.38492202758789,0.0,0.0,0.0
99,0.9965122072740425,7414.1943359375,4.826719760894775,0.0,0.0,0.0,8.251322746276855,38.44576644897461,7.443121910095215,5.798941612243652,41.21428680419922,3.3293650150299072,1.7116402387619019,50.87036895751953,0.0,0.0,0.0
100,0.9929999999995035,7319.39404296875,4.847883701324463,0.0,0.0,0.0,8.683862686157227,37.72354507446289,7.332010746002197,5.933862209320068,41.014549255371094,3.564814805984497,1.9206348657608032,50.36243438720703,0.0,0.0,0.0
101,0.9879396984919658,7364.02001953125,4.794973373413086,0.0,0.0,0.0,8.404762268066406,36.538360595703125,7.447090148925781,5.679893970489502,40.376983642578125,3.8293650150299072,1.891534447669983,50.50132369995117,0.0,0.0,0.0
102,0.9985126425379284,7281.64794921875,4.816137790679932,0.0,0.0,0.0,8.510581970214844,36.19312286376953,7.4285712242126465,5.682539463043213,39.992061614990234,4.109788417816162,2.08730149269104,49.83597946166992,0.0,0.0,0.0
103,0.9950248756213955,7399.47216796875,4.804232597351074,0.0,0.0,0.0,8.318782806396484,34.83201217651367,7.362433910369873,5.477513313293457,39.341270446777344,4.191799163818359,2.0357143878936768,49.94709014892578,0.0,0.0,0.0
104,0.9869346733663382,7259.16943359375,4.816137790679932,0.0,0.0,0.0,8.342592239379883,34.40211486816406,7.162698268890381,5.472222328186035,38.66402053833008,4.298941612243652,2.1865079402923584,49.21825408935547,0.0,0.0,0.0
105,0.9828456104939541,7240.0478515625,4.744709014892578,0.0,0.0,0.0,8.20634937286377,33.591270446777344,7.173280239105225,5.23544979095459,38.4193115234375,4.804232597351074,2.219576835632324,49.5806884765625,0.0,0.0,0.0
106,0.9899799599193437,7248.9892578125,4.80555534362793,0.0,0.0,0.0,8.152116775512695,33.05555725097656,7.207672119140625,5.30555534362793,37.98280334472656,5.013227462768555,2.3862433433532715,49.24470901489258,0.0,0.0,0.0
107,0.9985096870337812,7222.37841796875,4.718254089355469,0.0,0.0,0.0,7.7089948654174805,31.708993911743164,7.191799163818359,4.845238208770752,37.26852035522461,5.294973373413086,2.2870371341705322,48.822750091552734,0.0,0.0,0.0
108,0.9919999999995041,7179.0107421875,4.7513227462768555,0.0,0.0,0.0,7.88095235824585,31.038360595703125,7.197090148925781,5.138888835906982,36.711639404296875,5.879629611968994,2.940476179122925,49.1137580871582,0.0,0.0,0.0
109,0.9884596086297097,7105.32958984375,4.722222328186035,0.0,0.0,0.0,7.170634746551514,29.821428298950195,7.080687999725342,4.592592716217041,35.80952453613281,6.003968238830566,2.392857074737549,47.74074172973633,0.0,0.0,0.0
110,0.9874434957302926,7140.95751953125,4.835978984832764,0.0,0.0,0.0,7.32539701461792,29.510581970214844,7.480158805847168,4.879629611968994,35.80026626586914,6.73544979095459,3.1309523582458496,48.792327880859375,0.0,0.0,0.0
111,0.991495747873441,7083.62060546875,4.76455020904541,0.0,0.0,0.0,7.023809432983398,28.33465576171875,7.36904764175415,4.476190567016602,34.94312286376953,6.943121910095215,2.705026388168335,47.243385314941406,0.0,0.0,0.0
112,0.9904857285923934,7102.99755859375,4.865079402923584,0.0,0.0,0.0,7.044973373413086,27.506614685058594,7.894179821014404,4.667989253997803,34.67856979370117,7.493386268615723,3.269841194152832,48.02910232543945,0.0,0.0,0.0
113,0.9813036887311868,7067.91796875,4.773809432983398,0.0,0.0,0.0,6.691799163818359,27.092592239379883,7.965608596801758,4.394179821014404,34.14418029785156,7.789682388305664,2.9457671642303467,47.153438568115234,0.0,0.0,0.0
114,0.9919919919914955,7079.94580078125,4.796296119689941,0.0,0.0,0.0,6.7936506271362305,26.486772537231445,8.498677253723145,4.461640357971191,34.05952453613281,8.292327880859375,3.382275104522705,47.5806884765625,0.0,0.0,0.0
115,0.9999999999995035,7063.3544921875,4.703703880310059,0.0,0.0,0.0,6.468254089355469,25.654762268066406,8.583333015441895,4.100529193878174,33.350528717041016,8.390212059020996,3.0661375522613525,46.47751235961914,0.0,0.0,0.0
116,0.9899699097286911,7139.802734375,5.050264358520508,0.0,0.0,0.0,6.523809432983398,25.035715103149414,9.55555534362793,4.224867820739746,33.19047546386719,9.198412895202637,3.6243386268615723,47.019840240478516,0.0,0.0,0.0
117,0.9843671205239615,7067.56591796875,5.547618865966797,0.0,0.0,0.0,6.252645492553711,24.876983642578125,10.085978507995605,3.8743386268615723,32.94444274902344,9.33465576171875,3.2817461490631104,46.23147964477539,0.0,0.0,0.0
118,0.991487230845773,7191.6416015625,5.769841194152832,0.0,0.0,0.0,6.137566089630127,24.38888931274414,10.701058387756348,3.947089910507202,32.69973373413086,9.646825790405273,3.6865079402923584,46.66534423828125,0.0,0.0,0.0
119,0.9999999999995035,7159.42578125,6.062169075012207,0.0,0.0,0.0,6.047618865966797,24.432538986206055,11.457672119140625,3.730158805847168,32.56745910644531,9.949735641479492,3.6560845375061035,46.13227462768555,0.0,0.0,0.0
120,0.9950099800394236,7215.111328125,6.253968238830566,0.0,0.0,0.0,6.231481552124023,24.462963104248047,12.412698745727539,3.9034390449523926,32.45105743408203,10.519841194152832,4.067460536956787,46.961639404296875,0.0,0.0,0.0
121,0.9929999999995035,7210.384765625,6.605820178985596,0.0,0.0,0.0,6.066137790679932,24.49735450744629,13.232804298400879,3.7063491344451904,32.38888931274414,11.161375999450684,4.0939154624938965,46.820106506347656,0.0,0.0,0.0
122,0.9935032483753156,7256.623046875,6.6560845375061035,0.0,0.0,0.0,6.193121910095215,24.796297073364258,13.862433433532715,3.870370388031006,32.30952453613281,11.813491821289062,4.3439154624938965,47.765872955322266,0.0,0.0,0.0
123,0.9894631209227348,7170.57666015625,6.873015880584717,0.0,0.0,0.0,5.615079402923584,24.316137313842773,14.675926208496094,3.67724871635437,31.76984214782715,12.55820083618164,4.227513313293457,47.1283073425293,0.0,0.0,0.0
124,0.9940059940054975,7271.4736328125,6.990740776062012,0.0,0.0,0.0,6.097883701324463,24.751323699951172,15.501322746276855,4.107142925262451,31.906084060668945,13.518518447875977,4.484127044677734,48.24074172973633,0.0,0.0,0.0
125,0.9980099502482597,7232.07421875,6.431216716766357,0.0,0.0,0.0,5.972222328186035,24.35714340209961,16.22751235961914,3.747354507446289,31.785715103149414,14.515872955322266,4.253968238830566,47.83333206176758,0.0,0.0,0.0
126,0.9909819639273593,7252.5078125,6.921957492828369,0.0,0.0,0.0,5.882275104522705,24.682538986206055,16.817461013793945,4.23544979095459,31.812170028686523,15.207672119140625,4.572751522064209,48.60846710205078,0.0,0.0,0.0
127,0.9909819639273593,7224.56591796875,6.952381134033203,0.0,0.0,0.0,6.132275104522705,24.61375617980957,17.96825408935547,4.039682388305664,31.6931209564209,16.398147583007812,4.699735641479492,48.707672119140625,0.0,0.0,0.0
128,0.9995032290109293,7245.802734375,7.120370388031006,0.0,0.0,0.0,6.13095235824585,24.825397491455078,18.734127044677734,4.280423164367676,31.660053253173828,17.068782806396484,4.777777671813965,49.260581970214844,0.0,0.0,0.0
129,0.9985082048727009,7286.552734375,7.14550256729126,0.0,0.0,0.0,6.080687999725342,25.071428298950195,19.706348419189453,4.353174686431885,31.568782806396484,17.894180297851562,4.932539463043213,49.72883605957031,0.0,0.0,0.0
130,0.990476190475694,7285.388671875,7.198412895202637,0.0,0.0,0.0,6.337301731109619,25.38359832763672,20.743385314941406,4.492063522338867,31.6693115234375,18.69444465637207,4.923280239105225,50.16534423828125,0.0,0.0,0.0
131,0.9899699097286911,7306.87451171875,7.2063493728637695,0.0,0.0,0.0,6.507936477661133,25.731481552124023,21.873016357421875,4.625661373138428,31.80423355102539,19.288360595703125,5.108465671539307,50.53703689575195,0.0,0.0,0.0
132,0.9945082376430382,7237.34521484375,7.269841194152832,0.0,0.0,0.0,6.599206447601318,25.677248001098633,22.89153480529785,4.732804298400879,31.716930389404297,19.867725372314453,5.101851940155029,50.92063522338867,0.0,0.0,0.0
133,0.9970119521907386,7253.23828125,7.197090148925781,0.0,0.0,0.0,6.689153671264648,25.873016357421875,24.009260177612305,4.923280239105225,31.728836059570312,20.3306884765625,5.421957492828369,51.4523811340332,0.0,0.0,0.0
134,0.9940059940054975,7312.99072265625,7.165343761444092,0.0,0.0,0.0,6.900793552398682,26.267196655273438,25.182538986206055,5.169312000274658,32.0410041809082,20.77513313293457,5.5,51.9603157043457,0.0,0.0,0.0
135,0.9909819639273593,7287.8837890625,7.1362433433532715,0.0,0.0,0.0,6.996031761169434,26.453702926635742,25.97354507446289,5.2486772537231445,31.993385314941406,20.94179916381836,5.600529193878174,52.33994674682617,0.0,0.0,0.0
136,0.9919919919914955,7325.56884765625,7.165343761444092,0.0,0.0,0.0,7.148148059844971,26.47222137451172,27.103174209594727,5.443121910095215,32.07672119140625,21.13624382019043,5.719576835632324,52.74867630004883,0.0,0.0,0.0
137,0.9950099800394236,7346.287109375,7.226190567016602,0.0,0.0,0.0,7.083333492279053,26.632274627685547,28.075397491455078,5.460317611694336,32.37434005737305,21.300264358520508,5.814815044403076,53.189151763916016,0.0,0.0,0.0
138,0.9935032483753156,7234.83447265625,7.219576835632324,0.0,0.0,0.0,7.2711639404296875,26.797618865966797,29.001323699951172,5.702381134033203,32.44444274902344,21.25,6.137566089630127,53.5806884765625,0.0,0.0,0.0
139,0.9940059940054975,7280.4658203125,7.41005277633667,0.0,0.0,0.0,7.0,26.984127044677734,29.85846519470215,5.653439044952393,32.48147964477539,21.17195701599121,6.117724895477295,53.89814758300781,0.0,0.0,0.0
140,0.9945082376430382,7240.779296875,7.166666507720947,0.0,0.0,0.0,7.154761791229248,27.243385314941406,30.757936477661133,5.94444465637207,32.820106506347656,21.148147583007812,6.437830924987793,54.35846710205078,0.0,0.0,0.0
141,0.9955112219446407,7321.30419921875,7.137566089630127,0.0,0.0,0.0,6.9788360595703125,27.406084060668945,31.550264358520508,5.916666507720947,32.73677062988281,20.89153480529785,6.411375522613525,54.64418029785156,0.0,0.0,0.0
142,0.9945082376430382,7307.5703125,7.120370388031006,0.0,0.0,0.0,7.129629611968994,27.849206924438477,32.36111068725586,6.148148059844971,33.02381134033203,20.791006088256836,6.664021015167236,55.015872955322266,0.0,0.0,0.0
143,0.9929999999995035,7381.57421875,7.108465671539307,0.0,0.0,0.0,7.0410051345825195,28.08730125427246,33.185184478759766,6.2513227462768555,33.091270446777344,20.466930389404297,6.703703880310059,55.18650817871094,0.0,0.0,0.0
144,0.9935032483753156,7378.2646484375,7.037036895751953,0.0,0.0,0.0,7.16005277633667,28.457672119140625,33.7910041809082,6.592592716217041,33.50132369995117,20.08465576171875,6.798941612243652,55.404762268066406,0.0,0.0,0.0
145,0.988448016071829,7502.55419921875,7.019841194152832,0.0,0.0,0.0,7.034391403198242,28.47486686706543,34.41798782348633,6.638888835906982,33.7169303894043,19.632274627685547,6.814815044403076,55.752647399902344,0.0,0.0,0.0
146,0.9935032483753156,7476.20361328125,6.984127044677734,0.0,0.0,0.0,6.890211582183838,28.931217193603516,34.82143020629883,6.894179821014404,33.92063522338867,19.13624382019043,6.990740776062012,56.145503997802734,0.0,0.0,0.0
147,0.9990059642142152,7486.79345703125,6.990740776062012,0.0,0.0,0.0,6.940476417541504,29.089946746826172,35.37565994262695,6.989418029785156,34.35714340209961,18.734127044677734,6.993386268615723,56.39814758300781,0.0,0.0,0.0
148,0.9935032483753156,7532.8876953125,7.16005277633667,0.0,0.0,0.0,6.837301731109619,29.318782806396484,35.58333206176758,7.2910051345825195,34.54365158081055,18.19709014892578,7.216931343078613,57.11772537231445,0.0,0.0,0.0
149,0.9929999999995035,7581.5478515625,7.224867820739746,0.0,0.0,0.0,6.752645492553711,29.562170028686523,35.77513122558594,7.313492298126221,34.88888931274414,17.686508178710938,7.126984119415283,56.739418029785156,0.0,0.0,0.0
150,0.9950099800394236,7568.0,7.3862433433532715,0.0,0.0,0.0,6.689153671264648,29.788360595703125,36.2910041809082,7.649470806121826,35.10714340209961,17.283069610595703,7.378306865692139,57.3716926574707,0.0,0.0,0.0
151,0.9995037220838712,7598.52783203125,7.396825313568115,0.0,0.0,0.0,6.760581970214844,29.994709014892578,36.44179916381836,7.650793552398682,35.40608596801758,16.72751235961914,7.317460536956787,57.595237731933594,0.0,0.0,0.0
152,0.9935097353964086,7621.12841796875,7.6362433433532715,0.0,0.0,0.0,6.785714149475098,29.98015785217285,36.73280334472656,7.898148059844971,35.71428680419922,16.208993911743164,7.451058387756348,58.02645492553711,0.0,0.0,0.0
153,0.988448016071829,7540.14306640625,7.535714149475098,0.0,0.0,0.0,6.761904716491699,30.158729553222656,36.74603271484375,7.9259257316589355,36.091270446777344,15.625661849975586,7.246031761169434,58.123016357421875,0.0,0.0,0.0
154,0.9990059642142152,7717.75146484375,7.755290985107422,0.0,0.0,0.0,6.760581970214844,30.037036895751953,36.911376953125,8.26455020904541,36.5410041809082,15.181217193603516,7.547618865966797,58.7169303894043,0.0,0.0,0.0
155,0.992607195662399,7771.98388671875,7.535714149475098,0.0,0.0,0.0,6.637566089630127,30.043651580810547,36.93783187866211,8.130952835083008,36.9669303894043,14.664021492004395,7.342592716217041,58.9193115234375,0.0,0.0,0.0
156,0.990589400692922,7881.91796875,7.828042507171631,0.0,0.0,0.0,6.683862209320068,29.953702926635742,36.38492202758789,8.306878089904785,37.546295166015625,14.124338150024414,7.592592716217041,58.92063522338867,0.0,0.0,0.0
157,0.9935419771480409,7999.3251953125,7.496031761169434,0.0,0.0,0.0,6.551587104797363,30.199735641479492,36.63756561279297,8.248677253723145,37.94047546386719,13.54365062713623,7.548941612243652,59.492061614990234,0.0,0.0,0.0
158,0.9925410243654935,8023.3251953125,7.662698268890381,0.0,0.0,0.0,6.707672119140625,30.259260177612305,36.592594146728516,8.309523582458496,38.19047546386719,12.917989730834961,7.61904764175415,59.77645492553711,0.0,0.0,0.0
159,0.9935419771480409,8081.4853515625,7.642857074737549,0.0,0.0,0.0,6.558200836181641,30.45105743408203,36.407405853271484,8.337301254272461,38.7896842956543,12.510581970214844,7.637566089630127,60.11772537231445,0.0,0.0,0.0
160,0.995039682539189,8098.10302734375,7.796296119689941,0.0,0.0,0.0,6.6137566566467285,30.544973373413086,36.425926208496094,8.494709014892578,39.2976188659668,12.031745910644531,7.746031761169434,60.421958923339844,0.0,0.0,0.0
161,0.9985126425379284,8127.7421875,7.932539463043213,0.0,0.0,0.0,6.637566089630127,30.494709014892578,36.16534423828125,8.656085014343262,39.161376953125,11.7619047164917,7.904761791229248,60.78703689575195,0.0,0.0,0.0
162,0.991008991008496,8125.32421875,7.914021015167236,0.0,0.0,0.0,6.510581970214844,30.685184478759766,36.13756561279297,8.753968238830566,39.546295166015625,11.193121910095215,7.8637566566467285,60.85185241699219,0.0,0.0,0.0
163,0.9940239043819751,8207.115234375,7.997354507446289,0.0,0.0,0.0,6.51455020904541,30.81084632873535,35.85581970214844,8.92989444732666,39.92460250854492,10.743386268615723,8.007936477661133,61.171958923339844,0.0,0.0,0.0
164,0.9930209371879397,8169.86376953125,7.820106029510498,0.0,0.0,0.0,6.429893970489502,30.51984214782715,35.661376953125,8.841269493103027,39.679893493652344,10.230158805847168,7.768518447875977,61.189151763916016,0.0,0.0,0.0
165,0.9965191447036318,8190.619140625,7.7486772537231445,0.0,0.0,0.0,6.373015880584717,30.910053253173828,35.619049072265625,9.060846328735352,39.76852035522461,9.810846328735352,7.91005277633667,61.31349182128906,0.0,0.0,0.0
166,0.9924962481235655,8113.28955078125,7.739418029785156,0.0,0.0,0.0,6.219576835632324,30.85714340209961,35.619049072265625,9.056878089904785,39.85185241699219,9.288359642028809,7.871693134307861,61.86243438720703,0.0,0.0,0.0
167,0.9889558232926763,8187.28857421875,7.834656238555908,0.0,0.0,0.0,6.146825313568115,31.1044979095459,35.2910041809082,9.211640357971191,40.00396728515625,8.892857551574707,7.625661373138428,61.939151763916016,0.0,0.0,0.0
168,0.9924962481235655,8098.701171875,9.94444465637207,0.0,0.0,0.0,6.121693134307861,32.39285659790039,40.76719665527344,9.623015403747559,40.57936477661133,8.617724418640137,11.047618865966797,62.75925827026367,0.0,0.0,0.0
169,0.9970119521907386,8160.5859375,11.746031761169434,0.0,0.0,0.0,6.0740742683410645,32.587303161621094,38.38359832763672,9.730158805847168,41.16005325317383,8.148148536682129,9.080687522888184,62.69576644897461,0.0,0.0,0.0
170,0.9975111996012954,8074.056640625,25.353174209594727,0.0,0.0,0.0,5.88095235824585,38.97486877441406,47.45105743408203,9.998677253723145,43.074073791503906,8.050264358520508,12.892857551574707,63.55026626586914,0.0,0.0,0.0
171,0.9919919919914955,8020.45654296875,16.284391403198242,0.0,0.0,0.0,6.0,39.35846710205078,41.810848236083984,10.44179916381836,41.63492202758789,14.244709014892578,10.273809432983398,64.60449981689453,0.0,0.0,0.0
172,0.9990059642142152,7996.4921875,27.089946746826172,0.0,0.0,0.0,5.726190567016602,42.39153289794922,50.17856979370117,10.587301254272461,45.431217193603516,12.40079402923584,11.649471282958984,64.57010650634766,0.0,0.0,0.0
173,0.9970297029698034,8055.84912109375,20.563491821289062,0.0,0.0,0.0,5.900793552398682,45.05555725097656,42.44973373413086,11.243386268615723,42.53042221069336,15.243386268615723,10.40079402923584,66.30952453613281,0.0,0.0,0.0
174,0.9955379276147767,7975.8837890625,26.346561431884766,0.0,0.0,0.0,5.715608596801758,46.252647399902344,50.32539749145508,11.285714149475098,45.94576644897461,16.513227462768555,12.148148536682129,65.61904907226562,0.0,0.0,0.0
175,0.9915211970069868,8069.0478515625,22.63359832763672,0.0,0.0,0.0,6.044973373413086,45.55555725097656,43.677249908447266,12.158730506896973,43.179893493652344,17.037036895751953,10.814814567565918,69.10185241699219,0.0,0.0,0.0
176,0.9940239043819751,8124.8134765625,24.287036895751953,0.0,0.0,0.0,5.806878089904785,46.69047546386719,49.816139221191406,12.273809432983398,46.19047546386719,22.11640167236328,12.260581970214844,68.12301635742188,0.0,0.0,0.0
177,0.9935162094758138,8087.91943359375,22.427248001098633,0.0,0.0,0.0,6.489418029785156,47.84391403198242,44.49867630004883,12.883598327636719,43.292327880859375,20.292327880859375,10.833333015441895,71.85846710205078,0.0,0.0,0.0
178,0.9945191828594945,8248.6123046875,21.712963104248047,0.0,0.0,0.0,6.80555534362793,46.28571319580078,48.91534423828125,13.006613731384277,45.05820083618164,27.25,11.928571701049805,70.10846710205078,0.0,0.0,0.0
179,0.9960199004970169,8253.7958984375,20.756614685058594,0.0,0.0,0.0,7.268518447875977,47.560848236083984,46.677249908447266,13.931217193603516,43.2023811340332,25.64153480529785,10.47089958190918,72.88095092773438,0.0,0.0,0.0
180,0.9935162094758138,8341.970703125,21.047618865966797,0.0,0.0,0.0,8.338624000549316,47.252647399902344,49.850528717041016,14.329364776611328,44.933860778808594,31.175926208496094,11.619047164916992,73.16534423828125,0.0,0.0,0.0
181,0.9945191828594945,8200.896484375,20.038360595703125,0.0,0.0,0.0,8.862433433532715,49.41005325317383,48.67856979370117,15.246031761169434,43.80423355102539,30.884920120239258,10.867724418640137,74.06481170654297,0.0,0.0,0.0
182,0.9955156950667685,8263.8271484375,20.603174209594727,0.0,0.0,0.0,9.085978507995605,48.02777862548828,51.23280334472656,15.972222328186035,44.93783187866211,34.44973373413086,11.395503044128418,74.75264739990234,0.0,0.0,0.0
183,0.9950149551341002,8292.638671875,21.259260177612305,0.0,0.0,0.0,10.207672119140625,49.904762268066406,52.265872955322266,16.86640167236328,43.570106506347656,34.292327880859375,11.183862686157227,75.51984405517578,0.0,0.0,0.0
184,0.9940059940054975,8355.2998046875,19.93915367126465,0.0,0.0,0.0,9.716931343078613,49.51322937011719,54.28042221069336,16.759260177612305,44.30423355102539,37.411376953125,12.022486686706543,76.78174591064453,0.0,0.0,0.0
185,0.9950099800394236,8304.15625,20.26984214782715,0.0,0.0,0.0,10.865078926086426,50.38227462768555,55.06349182128906,17.984127044677734,43.95502471923828,36.69576644897461,11.79100513458252,76.95767211914062,0.0,0.0,0.0
186,0.991487230845773,8379.609375,17.740739822387695,0.0,0.0,0.0,10.36111068725586,50.296295166015625,56.900794982910156,17.907407760620117,45.20634841918945,38.30555725097656,12.507936477661133,78.18650817871094,0.0,0.0,0.0
187,0.9960119641071804,8429.4033203125,17.66269874572754,0.0,0.0,0.0,11.474867820739746,50.873016357421875,58.26322937011719,18.9193115234375,44.873016357421875,38.44841384887695,12.08465576171875,78.00264739990234,0.0,0.0,0.0
188,0.9955112219446407,8459.8125,17.486772537231445,0.0,0.0,0.0,11.178571701049805,51.48677062988281,60.20634841918945,18.788360595703125,45.427249908447266,38.60846710205078,12.61111068725586,79.83333587646484,0.0,0.0,0.0
189,0.9945082376430382,8454.734375,18.101852416992188,0.0,0.0,0.0,11.784391403198242,52.006614685058594,60.88756561279297,20.316137313842773,44.97486877441406,37.91666793823242,12.77645492553711,79.24073791503906,0.0,0.0,0.0
190,0.9975235264977724,8407.3125,19.58333396911621,0.0,0.0,0.0,11.55820083618164,50.76852035522461,61.85846710205078,19.932538986206055,45.87036895751953,38.01322937011719,12.853174209594727,80.02909851074219,0.0,0.0,0.0
191,0.9970297029698034,8348.947265625,19.77248764038086,0.0,0.0,0.0,11.812169075012207,51.126983642578125,62.234127044677734,21.706348419189453,45.21825408935547,37.514549255371094,12.626984596252441,79.94312286376953,0.0,0.0,0.0
192,0.9874812218322546,8422.810546875,19.77910041809082,0.0,0.0,0.0,12.189153671264648,51.18783187866211,62.14682388305664,20.826719284057617,45.810848236083984,37.43650817871094,11.949735641479492,80.22222137451172,0.0,0.0,0.0
193,0.9950199203182296,8415.9580078125,20.076719284057617,0.0,0.0,0.0,12.166666984558105,51.52381134033203,61.096561431884766,22.517196655273438,44.854496002197266,37.08465576171875,12.478836059570312,81.35978698730469,0.0,0.0,0.0
194,0.9970178926436397,8423.7509765625,20.535715103149414,0.0,0.0,0.0,12.981481552124023,51.96428680419922,62.123016357421875,22.283069610595703,45.64682388305664,37.36640167236328,12.662698745727539,82.27116394042969,0.0,0.0,0.0
195,0.9899899899894945,8346.828125,21.039682388305664,0.0,0.0,0.0,12.370369911193848,51.08597946166992,62.5396842956543,23.325397491455078,44.64814758300781,35.95105743408203,12.785714149475098,82.4259262084961,0.0,0.0,0.0
196,0.9935162094758138,8377.9140625,18.80555534362793,0.0,0.0,0.0,12.642857551574707,50.00925827026367,62.44179916381836,22.716930389404297,45.75925827026367,35.22089767456055,13.477513313293457,82.8240737915039,0.0,0.0,0.0
197,0.9975136747881663,8284.107421875,21.27777862548828,0.0,0.0,0.0,12.052909851074219,49.12434005737305,62.1693115234375,23.251323699951172,44.61640167236328,34.72883605957031,13.603174209594727,82.53704071044922,0.0,0.0,0.0
198,0.9980119284289274,8278.8583984375,18.283069610595703,0.0,0.0,0.0,11.767195701599121,49.60978698730469,60.904762268066406,22.91666603088379,44.72751235961914,33.96428680419922,13.86111068725586,83.39418029785156,0.0,0.0,0.0
199,0.993006993006497,8101.4853515625,19.8544979095459,0.0,0.0,0.0,11.787036895751953,49.572750091552734,61.11772537231445,22.605819702148438,44.3783073425293,32.94576644897461,13.9880952835083,83.42724609375,0.0,0.0,0.0
200,0.996015936254484,8166.171875,17.86243438720703,0.0,0.0,0.0,11.61111068725586,50.175926208496094,60.211639404296875,22.130952835083008,44.21296310424805,32.35185241699219,14.439153671264648,81.76984405517578,0.0,0.0,0.0
201,0.999007936507441,8180.08740234375,18.953702926635742,0.0,0.0,0.0,11.678571701049805,51.30158615112305,59.876983642578125,22.35846519470215,43.83201217651367,31.318782806396484,14.657407760620117,82.56349182128906,0.0,0.0,0.0
202,0.9950199203182296,8279.181640625,18.69576644897461,0.0,0.0,0.0,11.452381134033203,51.61507797241211,60.20105743408203,21.880952835083008,44.42856979370117,30.115079879760742,15.195767402648926,81.61243438720703,0.0,0.0,0.0
203,0.9940059940054975,8272.654296875,18.318782806396484,0.0,0.0,0.0,11.630952835083008,51.78042221069336,59.421958923339844,22.461639404296875,45.1362419128418,29.3068790435791,14.865078926086426,80.32010650634766,0.0,0.0,0.0
204,0.9975111996012954,8229.7900390625,17.9193115234375,0.0,0.0,0.0,11.046296119689941,50.35714340209961,59.62434005737305,22.134920120239258,45.341270446777344,28.925926208496094,15.683862686157227,79.86772155761719,0.0,0.0,0.0
205,0.9955112219446407,8273.267578125,19.927248001098633,0.0,0.0,0.0,12.07010555267334,51.44841384887695,58.735450744628906,22.071428298950195,45.10978698730469,27.867725372314453,15.751322746276855,79.8373031616211,0.0,0.0,0.0
206,0.991487230845773,8329.5634765625,17.265872955322266,0.0,0.0,0.0,10.994709014892578,51.31745910644531,57.73280334472656,22.61243438720703,44.89418029785156,27.398147583007812,16.534391403198242,80.0740737915039,0.0,0.0,0.0
207,0.9940059940054975,8321.8125,18.744709014892578,0.0,0.0,0.0,12.626984596252441,50.35846710205078,58.149471282958984,21.767196655273438,43.89285659790039,26.294973373413086,16.851852416992188,78.98280334472656,0.0,0.0,0.0
208,0.9960119641071804,8313.015625,15.818782806396484,0.0,0.0,0.0,11.009259223937988,49.55423355102539,56.90211486816406,21.153438568115234,43.480159759521484,25.16798973083496,17.35846519470215,79.28836059570312,0.0,0.0,0.0
209,0.9970297029698034,8489.3544921875,18.205026626586914,0.0,0.0,0.0,11.230158805847168,50.32143020629883,56.519840240478516,20.731481552124023,44.908729553222656,23.8955020904541,18.11640167236328,78.31878662109375,0.0,0.0,0.0
210,0.9925335988048818,8397.90625,16.673280715942383,0.0,0.0,0.0,10.522486686706543,49.89682388305664,55.161376953125,20.398147583007812,43.9603157043457,22.41798973083496,19.345237731933594,78.62036895751953,0.0,0.0,0.0
211,0.9915042478755665,8489.5478515625,19.41798973083496,0.0,0.0,0.0,10.682539939880371,49.689151763916016,55.24470901489258,19.81084632873535,44.989418029785156,21.80820083618164,19.02248764038086,78.21560668945312,0.0,0.0,0.0
212,0.9920079920074965,8486.7578125,17.075397491455078,0.0,0.0,0.0,10.162698745727539,50.230159759521484,53.78571319580078,20.371692657470703,45.822750091552734,21.673280715942383,19.36375617980957,77.78439331054688,0.0,0.0,0.0
213,0.9935162094758138,8452.6181640625,18.77910041809082,0.0,0.0,0.0,10.2380952835083,49.14021301269531,53.457672119140625,20.11640167236328,45.572750091552734,21.085979461669922,18.58201026916504,76.6626968383789,0.0,0.0,0.0
214,0.9980178394445005,8445.1982421875,17.510581970214844,0.0,0.0,0.0,9.464285850524902,49.183860778808594,52.51852035522461,20.382274627685547,46.921958923339844,19.998676300048828,18.77645492553711,77.02777862548828,0.0,0.0,0.0
215,0.9930209371879397,8385.931640625,18.436508178710938,0.0,0.0,0.0,9.591269493103027,49.261905670166016,52.175926208496094,20.312170028686523,47.52248764038086,20.291006088256836,18.538360595703125,75.84920501708984,0.0,0.0,0.0
216,0.9854198089487253,8409.462890625,16.956348419189453,0.0,0.0,0.0,8.582010269165039,47.730159759521484,50.31349182128906,20.626983642578125,47.16402053833008,18.982803344726562,18.36111068725586,74.21163940429688,0.0,0.0,0.0
217,0.9960199004970169,8331.9111328125,18.624338150024414,0.0,0.0,0.0,9.04365062713623,47.510581970214844,49.6362419128418,19.634920120239258,45.80290985107422,18.313491821289062,18.460317611694336,74.8373031616211,0.0,0.0,0.0
218,0.9935865811539252,8265.34765625,18.13624382019043,0.0,0.0,0.0,8.387566566467285,47.91534423828125,48.33597946166992,19.10978889465332,45.25,18.153438568115234,17.91798973083496,74.31084442138672,0.0,0.0,0.0
219,0.9784677015518385,8330.4326171875,19.55423355102539,0.0,0.0,0.0,8.166666984558105,48.05820083618164,48.0476188659668,18.937829971313477,46.242061614990234,17.47089958190918,18.146825790405273,74.89946746826172,0.0,0.0,0.0
220,0.9835082458765699,8356.4072265625,18.30423355102539,0.0,0.0,0.0,7.556878089904785,47.58465576171875,46.87434005737305,19.175926208496094,44.47486877441406,17.063491821289062,17.26984214782715,74.11375427246094,0.0,0.0,0.0
221,0.9911417322829768,8232.65625,18.544973373413086,0.0,0.0,0.0,7.027777671813965,47.41798782348633,45.161376953125,19.33333396911621,44.94973373413086,16.177248001098633,17.059524536132812,74.46560668945312,0.0,0.0,0.0
222,0.9881188118806989,8333.90234375,18.456348419189453,0.0,0.0,0.0,6.935184955596924,46.818782806396484,44.35714340209961,20.355819702148438,44.992061614990234,16.030424118041992,16.956348419189453,73.96031951904297,0.0,0.0,0.0
223,0.978381096027663,8269.140625,19.0568790435791,0.0,0.0,0.0,6.724867820739746,46.35317611694336,43.61507797241211,20.514551162719727,45.185184478759766,15.539682388305664,16.80158805847168,73.80422973632812,0.0,0.0,0.0
224,0.984492246122569,8233.4697265625,18.706348419189453,0.0,0.0,0.0,6.296296119689941,45.662696838378906,43.4603157043457,20.735448837280273,45.30290985107422,14.951058387756348,17.160053253173828,73.32672119140625,0.0,0.0,0.0
225,0.9891944990171959,8042.49609375,19.396825790405273,0.0,0.0,0.0,5.834656238555908,44.85846710205078,41.88492202758789,21.52910041809082,45.671958923339844,14.387566566467285,16.626983642578125,73.55422973632812,0.0,0.0,0.0
226,0.9881773399009911,8143.216796875,19.339946746826172,0.0,0.0,0.0,6.77910041809082,44.2089958190918,40.457672119140625,22.8068790435791,45.824073791503906,13.813491821289062,17.47486686706543,72.77909851074219,0.0,0.0,0.0
227,0.9760717846455752,8074.1796875,20.835979461669922,0.0,0.0,0.0,7.230158805847168,44.157405853271484,40.25529098510742,22.503969192504883,46.350528717041016,13.158730506896973,17.091270446777344,72.14946746826172,0.0,0.0,0.0
228,0.9851485148509974,8030.24755859375,20.510581970214844,0.0,0.0,0.0,6.650793552398682,43.104496002197266,37.98147964477539,22.182538986206055,46.345237731933594,12.593914985656738,17.99735450744629,71.10449981689453,0.0,0.0,0.0
229,0.9855936413308567,7996.134765625,21.985448837280273,0.0,0.0,0.0,6.4285712242126465,42.77777862548828,38.24470901489258,22.6693115234375,46.31745910644531,12.22354507446289,17.509260177612305,70.9034423828125,0.0,0.0,0.0
230,0.9784892446218216,7944.56201171875,22.325397491455078,0.0,0.0,0.0,5.921957492828369,41.91666793823242,36.81349182128906,22.452381134033203,45.104496002197266,11.605819702148438,17.64285659790039,71.47883605957031,0.0,0.0,0.0
231,0.9825087456266954,7900.17041015625,21.711639404296875,0.0,0.0,0.0,5.679893970489502,41.679893493652344,36.00396728515625,22.76984214782715,45.79497528076172,11.078042030334473,17.243385314941406,71.48148345947266,0.0,0.0,0.0
232,0.9905425584863163,7732.1494140625,23.02645492553711,0.0,0.0,0.0,5.412698268890381,41.00396728515625,34.9603157043457,21.14153480529785,44.764549255371094,10.547618865966797,17.30158805847168,71.37963104248047,0.0,0.0,0.0
233,0.9930278884457207,7691.91650390625,22.851852416992188,0.0,0.0,0.0,5.3240742683410645,40.30290985107422,34.17856979370117,21.85846519470215,43.845237731933594,10.076719284057617,17.202381134033203,70.6626968383789,0.0,0.0,0.0
234,0.9930139720553927,7564.98828125,23.08465576171875,0.0,0.0,0.0,4.760581970214844,39.10185241699219,30.85714340209961,21.478836059570312,41.16798782348633,9.48544979095459,17.31084632873535,69.39286041259766,0.0,0.0,0.0
235,0.9879396984919658,7569.1640625,22.30158805847168,0.0,0.0,0.0,3.8267195224761963,39.38756561279297,31.31084632873535,20.58730125427246,41.502647399902344,9.126984596252441,15.908730506896973,67.37036895751953,0.0,0.0,0.0
236,0.9924962481235655,7421.2236328125,22.30820083618164,0.0,0.0,0.0,4.743386268615723,37.992061614990234,30.55820083618164,20.797618865966797,40.10317611694336,8.59920597076416,16.08333396911621,65.911376953125,0.0,0.0,0.0
237,0.991487230845773,7517.37939453125,21.21825408935547,0.0,0.0,0.0,3.9431216716766357,37.72486877441406,30.212963104248047,21.534391403198242,39.80952453613281,8.313491821289062,15.910053253173828,65.00264739990234,0.0,0.0,0.0
238,0.9919919919914955,7402.619140625,22.541006088256836,0.0,0.0,0.0,4.510581970214844,37.05026626586914,29.744709014892578,21.13756561279297,38.260581970214844,7.719576835632324,15.489418029785156,65.48280334472656,0.0,0.0,0.0
239,0.9980099502482597,7496.1865234375,22.251323699951172,0.0,0.0,0.0,3.814814805984497,36.34391403198242,29.097883224487305,21.546297073364258,38.29497528076172,7.392857074737549,14.968254089355469,65.38227844238281,0.0,0.0,0.0
240,0.9864116758928101,7368.09912109375,22.64153480529785,0.0,0.0,0.0,4.396825313568115,35.677249908447266,28.96825408935547,20.6044979095459,37.484127044677734,6.88095235824585,14.152116775512695,65.42195892333984,0.0,0.0,0.0
241,0.988448016071829,7358.01611328125,21.838624954223633,0.0,0.0,0.0,3.8756613731384277,34.57143020629883,27.408729553222656,20.97089958190918,37.30555725097656,6.632275104522705,13.65079402923584,64.13095092773438,0.0,0.0,0.0
242,0.9924962481235655,7429.91796875,21.969575881958008,0.0,0.0,0.0,4.167989253997803,32.876983642578125,26.215608596801758,20.542327880859375,36.47486877441406,6.268518447875977,12.972222328186035,62.992061614990234,0.0,0.0,0.0
243,0.9935032483753156,7357.85302734375,21.33333396911621,0.0,0.0,0.0,3.6455025672912598,33.61111068725586,25.400793075561523,20.969575881958008,35.00396728515625,6.039682388305664,12.186508178710938,63.6216926574707,0.0,0.0,0.0
244,0.988448016071829,7363.6376953125,20.846561431884766,0.0,0.0,0.0,3.8068783283233643,32.55555725097656,25.062170028686523,20.869047164916992,35.73677062988281,5.628306865692139,11.739418029785156,63.31216812133789,0.0,0.0,0.0
245,0.9940059940054975,7395.6044921875,20.64285659790039,0.0,0.0,0.0,3.095238208770752,32.52777862548828,24.154762268066406,21.05555534362793,35.0396842956543,5.513227462768555,11.190476417541504,63.175926208496094,0.0,0.0,0.0
246,0.9909819639273593,7414.81591796875,20.506614685058594,0.0,0.0,0.0,3.4312169551849365,32.10714340209961,23.436508178710938,21.185184478759766,34.96957778930664,5.011904716491699,11.02645492553711,63.74867630004883,0.0,0.0,0.0
247,0.990476190475694,7304.3544921875,20.517196655273438,0.0,0.0,0.0,2.834656000137329,32.25,22.955026626586914,21.19444465637207,33.66666793823242,4.855820178985596,10.29365062713623,63.0410041809082,0.0,0.0,0.0
248,0.9874308697833145,7252.32958984375,20.329364776611328,0.0,0.0,0.0,2.9682538509368896,31.703702926635742,21.978836059570312,20.72354507446289,33.05290985107422,4.6335978507995605,9.910053253173828,62.349205017089844,0.0,0.0,0.0
249,0.9848790322575681,7354.9892578125,19.853174209594727,0.0,0.0,0.0,2.48544979095459,31.115079879760742,22.030424118041992,20.5806884765625,32.77381134033203,4.480158805847168,9.853174209594727,62.86243438720703,0.0,0.0,0.0
250,0.9960119641071804,7313.58447265625,19.734127044677734,0.0,0.0,0.0,2.6732804775238037,30.738094329833984,20.406084060668945,20.33201026916504,33.010581970214844,4.211640357971191,9.478836059570312,62.6216926574707,0.0,0.0,0.0
251,0.9940059940054975,7433.83056640625,19.760581970214844,0.0,0.0,0.0,2.5013227462768555,30.39153480529785,20.046297073364258,20.93915367126465,33.006614685058594,3.9563491344451904,9.17724895477295,64.10185241699219,0.0,0.0,0.0
252,0.9894631209227348,7318.63623046875,19.567461013793945,0.0,0.0,0.0,2.567460298538208,29.824073791503906,19.08201026916504,19.990739822387695,32.400794982910156,3.7539682388305664,8.961640357971191,62.9193115234375,0.0,0.0,0.0
253,0.9899699097286911,7532.43896484375,19.683862686157227,0.0,0.0,0.0,2.367724895477295,29.793651580810547,18.455026626586914,20.91269874572754,32.485450744628906,3.6388888359069824,8.255290985107422,63.22354507446289,0.0,0.0,0.0
254,0.9909819639273593,7413.90869140625,20.06084632873535,0.0,0.0,0.0,2.609788417816162,29.656084060668945,18.202381134033203,20.287036895751953,31.674602508544922,3.5,8.375661849975586,63.662696838378906,0.0,0.0,0.0
255,0.9874308697833145,7537.16015625,20.235448837280273,0.0,0.0,0.0,2.3544974327087402,29.187829971313477,17.899471282958984,21.13624382019043,31.207672119140625,3.359788417816162,7.646825313568115,62.94841384887695,0.0,0.0,0.0
256,0.9929999999995035,7566.37841796875,20.046297073364258,0.0,0.0,0.0,2.5489418506622314,28.66798973083496,17.268518447875977,20.735448837280273,30.539682388305664,3.2156083583831787,7.268518447875977,63.068782806396484,0.0,0.0,0.0
257,0.9945082376430382,7591.64404296875,20.291006088256836,0.0,0.0,0.0,2.387566089630127,27.927248001098633,16.53174591064453,19.850528717041016,30.206348419189453,3.082010507583618,6.847883701324463,63.235450744628906,0.0,0.0,0.0
258,0.9965122072740425,7618.61767578125,20.513227462768555,0.0,0.0,0.0,2.3359787464141846,27.23015785217285,15.945767402648926,20.253969192504883,30.13359832763672,3.019841194152832,6.388888835906982,62.1693115234375,0.0,0.0,0.0
259,0.9945082376430382,7651.79638671875,20.13888931274414,0.0,0.0,0.0,2.1865079402923584,26.571428298950195,15.362433433532715,19.628307342529297,29.978836059570312,2.9365079402923584,6.087301731109619,62.37434005737305,0.0,0.0,0.0
260,0.9899699097286911,7655.64013671875,20.41666603088379,0.0,0.0,0.0,2.154761791229248,26.420635223388672,14.604496955871582,19.794973373413086,29.177248001098633,2.929894208908081,5.686507701873779,61.37036895751953,0.0,0.0,0.0
261,0.9879396984919658,7681.537109375,20.013227462768555,0.0,0.0,0.0,2.202380895614624,26.08465576171875,14.130952835083008,18.797618865966797,29.091270446777344,2.924603223800659,5.39550256729126,60.145503997802734,0.0,0.0,0.0
262,0.9935032483753156,7823.95751953125,20.280424118041992,0.0,0.0,0.0,2.1031746864318848,26.062170028686523,13.379630088806152,19.181217193603516,28.36111068725586,2.592592477798462,5.02910041809082,59.2976188659668,0.0,0.0,0.0
263,0.9999999999995035,7715.4111328125,19.66666603088379,0.0,0.0,0.0,1441804.5,25.952381134033203,12.802909851074219,19.25264549255371,27.687829971313477,2.747354507446289,4.687830924987793,57.55158615112305,1.0,0.0,0.0
264,,,,,,,,,,,,,,,,,
265,,,,,,,,,,,,,,,,,
266,,,,,,,,,,,,,,,,,
267,,,,,,,,,,,,,,,,,
268,,,,,,,,,,,,,,,,,
269,,,,,,,,,,,,,,,,,
270,,,,,,,,,,,,,,,,,
271,,,,,,,,,,,,,,,,,
272,,,,,,,,,,,,,,,,,
273,,,,,,,,,,,,,,,,,
274,,,,,,,,,,,,,,,,,
275,,,,,,,,,,,,,,,,,
276,,,,,,,,,,,,,,,,,
277,,,,,,,,,,,,,,,,,
278,,,,,,,,,,,,,,,,,
279,,,,,,,,,,,,,,,,,
280,,,,,,,,,,,,,,,,,
281,,,,,,,,,,,,,,,,,
282,,,,,,,,,,,,,,,,,
283,,,,,,,,,,,,,,,,,
284,,,,,,,,,,,,,,,,,
285,,,,,,,,,,,,,,,,,
286,,,,,,,,,,,,,,,,,
287,,,,,,,,,,,,,,,,,
288,,,,,,,,,,,,,,,,,
289,,,,,,,,,,,,,,,,,
290,,,,,,,,,,,,,,,,,
291,,,,,,,,,,,,,,,,,
292,,,,,,,,,,,,,,,,,
293,,,,,,,,,,,,,,,,,
294,,,,,,,,,,,,,,,,,
295,,,,,,,,,,,,,,,,,
296,,,,,,,,,,,,,,,,,
297,,,,,,,,,,,,,,,,,
298,,,,,,,,,,,,,,,,,
299,,,,,,,,,,,,,,,,,
