condition,protein,morphology,oxygen_levels,glucose_levels,morphology_death,glucose_death,oxygen_death,H2O_levels,NH4Cl_levels,KH2PO4_levels,MgSO4_levels,NaCl_levels,CaCl2_levels,FeSO4_levels,ZnCl2_levels,nutrients_death,toxin_in_blood,toxin_death
baseline,,0.9935840986286333,5206.0009765625,84.29724884033203,0.0,1.0,0.0,88.07975006103516,94.47274780273438,84.90374755859375,87.37300109863281,92.3010025024414,46.417999267578125,72.5427474975586,87.39375305175781,3.0,0.0,0.0
control,,0.9935840986286333,5172.67919921875,68.34324645996094,0.0,1.0,0.0,69.34249877929688,80.13200378417969,72.97174835205078,69.6927490234375,76.4885025024414,36.88249969482422,59.144248962402344,72.50199890136719,2.0,0.0,0.0
perturb,protein_1,0.9935840986286333,5229.3017578125,57.00225067138672,0.0,1.0,0.0,57.98775100708008,69.80899810791016,61.86225128173828,58.4422492980957,65.88574981689453,25.197250366210938,48.10449981689453,62.28575134277344,1.0,0.0,0.0
perturb,protein_2,0.9935840986286333,5212.919921875,75.65750122070312,0.0,1.0,0.0,77.62000274658203,86.85199737548828,79.53825378417969,77.06649780273438,83.5530014038086,43.47174835205078,67.36199951171875,80.73574829101562,3.0,0.0,0.0
perturb,protein_3,0.9935840986286333,5246.8017578125,66.73774719238281,0.0,1.0,0.0,67.4832534790039,80.36599731445312,73.69075012207031,68.1727523803711,75.9887466430664,34.80575180053711,57.645999908447266,71.73049926757812,2.0,0.0,0.0
perturb,protein_4,0.9935840986286333,5284.3388671875,99.01399993896484,0.0,1.0,0.0,100.62825012207031,112.58350372314453,104.64424896240234,101.30850219726562,109.05024719238281,63.32725143432617,89.80274963378906,104.47274780273438,3.0,0.0,0.0
perturb,protein_5,0.9935840986286333,5264.927734375,72.09324645996094,0.0,1.0,0.0,73.39324951171875,84.20800018310547,73.98999786376953,72.65599822998047,79.2302474975586,33.265750885009766,61.74399948120117,75.17549896240234,2.0,0.0,0.0
perturb,protein_6,0.9935840986286333,5244.5,56.51599884033203,0.0,1.0,0.0,57.78350067138672,69.76799774169922,61.90250015258789,58.42599868774414,65.0792465209961,25.657499313354492,48.15625,62.172000885009766,1.0,0.0,0.0
perturb,protein_7,0.9935840986286333,5168.97412109375,59.26449966430664,0.0,1.0,0.0,60.56475067138672,70.38224792480469,62.91925048828125,60.597251892089844,67.02674865722656,27.21649932861328,50.460750579833984,63.557498931884766,1.0,0.0,0.0
perturb,protein_8,0.9935840986286333,5211.3837890625,66.74349975585938,0.0,1.0,0.0,66.18599700927734,77.41400146484375,69.65699768066406,66.4542465209961,73.5374984741211,33.18724822998047,56.19499969482422,71.02799987792969,2.0,0.0,0.0
perturb,protein_9,0.9935840986286333,5305.716796875,55.72174835205078,0.0,1.0,0.0,57.18149948120117,68.66000366210938,60.99850082397461,57.796749114990234,65.61250305175781,24.453750610351562,47.19075012207031,62.23749923706055,1.0,0.0,0.0
perturb,protein_10,0.9935840986286333,5255.302734375,55.14250183105469,0.0,1.0,0.0,56.68775177001953,68.36325073242188,59.895999908447266,56.375999450683594,64.53925323486328,24.182249069213867,46.85124969482422,60.57775115966797,1.0,0.0,0.0
perturb,protein_11,0.9935840986286333,5233.7451171875,72.19075012207031,0.0,1.0,0.0,74.4489974975586,86.08699798583984,79.15374755859375,74.78925323486328,82.27574920654297,41.31475067138672,64.26425170898438,78.59200286865234,3.0,0.0,0.0
perturb,protein_12,0.9935840986286333,5310.18408203125,57.26974868774414,0.0,1.0,0.0,59.07025146484375,71.50975036621094,64.06600189208984,59.86050033569336,67.26875305175781,26.38825035095215,48.584999084472656,63.83399963378906,1.0,0.0,0.0
perturb,protein_13,0.9935840986286333,5176.76318359375,75.00650024414062,0.0,1.0,0.0,75.06849670410156,84.64424896240234,80.41075134277344,75.59549713134766,82.48374938964844,41.90425109863281,62.9739990234375,79.73774719238281,3.0,0.0,0.0
perturb,protein_14,0.9935840986286333,5241.7158203125,67.93049621582031,0.0,1.0,0.0,73.92524719238281,83.0530014038086,73.41725158691406,71.91899871826172,78.80049896240234,35.76974868774414,62.584251403808594,75.69650268554688,3.0,0.0,0.0
perturb,protein_15,0.9935840986286333,5262.0078125,71.00924682617188,0.0,1.0,0.0,72.5572509765625,84.06024932861328,74.2072525024414,71.79750061035156,80.22125244140625,36.03725051879883,61.13600158691406,75.95950317382812,2.0,0.0,0.0
perturb,protein_16,0.9935840986286333,5296.0849609375,106.36150360107422,0.0,1.0,0.0,105.69950103759766,116.57424926757812,112.33799743652344,105.18350219726562,112.40274810791016,60.74300003051758,91.24949645996094,105.87850189208984,3.0,0.0,0.0
perturb,protein_17,0.9935840986286333,5229.2880859375,63.869998931884766,0.0,1.0,0.0,65.36399841308594,78.06575012207031,70.69850158691406,65.1052474975586,74.45674896240234,33.75749969482422,56.78424835205078,70.6207504272461,2.0,0.0,0.0
perturb,protein_18,0.9935840986286333,5230.69482421875,65.8862533569336,0.0,1.0,0.0,67.24175262451172,79.81625366210938,71.60299682617188,67.17250061035156,75.92224884033203,33.7859992980957,57.90625,72.03350067138672,2.0,0.0,0.0
perturb,protein_19,0.9935840986286333,5206.23681640625,53.66975021362305,0.0,1.0,0.0,55.50975036621094,65.24150085449219,58.44124984741211,55.01374816894531,62.31325149536133,23.376249313354492,45.12675094604492,59.15399932861328,1.0,0.0,0.0
perturb,protein_20,0.9935840986286333,5285.91162109375,67.06400299072266,0.0,1.0,0.0,68.81275177001953,79.7979965209961,72.2979965209961,68.24725341796875,75.54299926757812,35.52299880981445,58.486000061035156,73.27400207519531,2.0,0.0,0.0
perturb,protein_21,0.9935840986286333,5249.61279296875,68.55149841308594,0.0,1.0,0.0,69.52474975585938,81.697998046875,72.87799835205078,69.77324676513672,77.09525299072266,37.709999084472656,59.42300033569336,74.09674835205078,2.0,0.0,0.0
perturb,protein_22,0.9935840986286333,5346.22119140625,69.51399993896484,0.0,1.0,0.0,69.07150268554688,78.32475280761719,74.80975341796875,70.80249786376953,74.32975006103516,26.163249969482422,53.83150100708008,70.322998046875,2.0,0.0,0.0
perturb,protein_23,0.9935840986286333,5093.77001953125,76.92549896240234,0.0,1.0,0.0,78.13200378417969,85.61575317382812,76.91500091552734,77.3082504272461,84.07675170898438,45.511749267578125,67.31075286865234,79.33274841308594,3.0,0.0,0.0
perturb,protein_24,0.9935840986286333,5272.22802734375,86.94200134277344,0.0,1.0,0.0,86.75174713134766,99.2614974975586,92.8489990234375,87.6927490234375,96.84375,52.73875045776367,77.04199981689453,91.27674865722656,3.0,0.0,0.0
perturb,protein_25,0.9935840986286333,5301.1728515625,81.09649658203125,0.0,1.0,0.0,82.63224792480469,94.21299743652344,86.68824768066406,82.70525360107422,90.51625061035156,48.549251556396484,72.60375213623047,87.08149719238281,3.0,0.0,0.0
perturb,protein_26,0.9935840986286333,5239.77880859375,70.00225067138672,0.0,1.0,0.0,70.83699798583984,82.2437515258789,73.89974975585938,70.68599700927734,78.04750061035156,38.002750396728516,61.0577507019043,74.9802474975586,2.0,0.0,0.0
perturb,protein_27,0.9935840986286333,5233.724609375,69.9177474975586,0.0,1.0,0.0,71.18975067138672,83.19249725341797,75.07749938964844,71.65374755859375,79.35724639892578,38.941749572753906,61.830501556396484,76.59925079345703,2.0,0.0,0.0
perturb,protein_28,0.9935840986286333,5182.01611328125,57.68899917602539,0.0,1.0,0.0,59.097251892089844,67.91850280761719,62.1150016784668,58.43349838256836,65.04499816894531,25.532499313354492,48.454750061035156,62.74924850463867,1.0,0.0,0.0
perturb,protein_29,0.9935840986286333,5247.80419921875,63.8072509765625,0.0,1.0,0.0,65.81400299072266,76.62799835205078,70.2717514038086,65.22074890136719,72.9697494506836,32.74325180053711,55.807498931884766,70.0112533569336,2.0,0.0,0.0
perturb,protein_30,0.9935840986286333,5247.48388671875,75.7699966430664,0.0,1.0,0.0,77.0009994506836,87.97624969482422,79.88749694824219,76.57050323486328,84.91649627685547,43.071250915527344,66.47875213623047,81.02925109863281,3.0,0.0,0.0
perturb,protein_31,0.9935840986286333,5313.634765625,87.51875305175781,0.0,1.0,0.0,90.00775146484375,101.41124725341797,94.70999908447266,91.5145034790039,99.72474670410156,55.59225082397461,78.78675079345703,96.333251953125,3.0,0.0,0.0
perturb,protein_32,0.9935840986286333,5296.15087890625,54.59225082397461,0.0,1.0,0.0,56.751251220703125,67.01024627685547,60.967750549316406,56.127498626708984,62.95624923706055,26.006000518798828,47.063751220703125,60.3380012512207,1.0,0.0,0.0
perturb,protein_33,0.9935840986286333,5250.91943359375,52.58974838256836,0.0,1.0,0.0,55.19725036621094,66.77674865722656,60.02399826049805,55.51599884033203,63.03099822998047,24.90774917602539,45.93075180053711,59.63275146484375,1.0,0.0,0.0
perturb,protein_34,0.9935840986286333,5286.8935546875,59.52949905395508,0.0,1.0,0.0,61.2760009765625,73.04624938964844,65.23999786376953,62.35449981689453,69.04125213623047,29.007749557495117,51.608001708984375,66.03099822998047,1.0,0.0,0.0
perturb,protein_35,0.9935840986286333,5301.39794921875,65.72274780273438,0.0,1.0,0.0,66.97149658203125,75.36650085449219,68.50550079345703,65.489501953125,76.26399993896484,34.25,57.04275131225586,70.22074890136719,2.0,0.0,0.0
perturb,protein_36,0.9935840986286333,5246.27734375,84.79724884033203,0.0,1.0,0.0,86.10375213623047,97.6727523803711,92.04550170898438,86.86499786376953,93.60150146484375,53.983001708984375,77.21724700927734,90.02825164794922,3.0,0.0,0.0
perturb,protein_37,0.9935840986286333,5247.283203125,56.315250396728516,0.0,1.0,0.0,57.69475173950195,69.47699737548828,61.9995002746582,57.6662483215332,65.6415023803711,25.532249450683594,48.39324951171875,61.871498107910156,1.0,0.0,0.0
perturb,protein_38,0.9935840986286333,5292.57177734375,56.42250061035156,0.0,1.0,0.0,57.877750396728516,69.5,63.11899948120117,58.1870002746582,65.78199768066406,27.469249725341797,48.3797492980957,62.675498962402344,1.0,0.0,0.0
perturb,protein_39,0.9935840986286333,5245.751953125,56.05099868774414,0.0,1.0,0.0,57.26850128173828,68.13275146484375,60.787498474121094,57.283748626708984,64.94474792480469,24.832250595092773,47.42124938964844,61.58024978637695,1.0,0.0,0.0
perturb,protein_40,0.9935840986286333,5263.90234375,64.31649780273438,0.0,1.0,0.0,65.44599914550781,76.88324737548828,68.89424896240234,65.50025177001953,72.71649932861328,32.86600112915039,55.72249984741211,69.43724822998047,2.0,0.0,0.0
perturb,protein_41,0.9935840986286333,5232.26513671875,62.713748931884766,0.0,1.0,0.0,64.39649963378906,76.61000061035156,69.37975311279297,65.43775177001953,72.4800033569336,32.48725128173828,54.833499908447266,69.70349884033203,2.0,0.0,0.0
perturb,protein_42,0.9935840986286333,5148.00927734375,53.72574996948242,0.0,1.0,0.0,53.88574981689453,65.0667495727539,57.48350143432617,54.597251892089844,61.36149978637695,22.149499893188477,44.82350158691406,58.25600051879883,1.0,0.0,0.0
perturb,protein_43,0.9935840986286333,5261.36376953125,80.94300079345703,0.0,1.0,0.0,81.55899810791016,88.04949951171875,84.0114974975586,78.80425262451172,88.32050323486328,46.08974838256836,69.92749786376953,88.34024810791016,3.0,0.0,0.0
perturb,protein_44,0.9935840986286333,5143.20263671875,56.73175048828125,0.0,1.0,0.0,59.220001220703125,67.3740005493164,59.05175018310547,58.22174835205078,64.00250244140625,25.756500244140625,48.33625030517578,60.88650131225586,1.0,0.0,0.0
perturb,protein_45,0.9935840986286333,5160.0029296875,69.6717529296875,0.0,1.0,0.0,69.0512466430664,83.20774841308594,77.05750274658203,70.7405014038086,79.3917465209961,39.202999114990234,61.85974884033203,76.34850311279297,2.0,0.0,0.0
perturb,protein_46,0.9935840986286333,5203.51806640625,70.88475036621094,0.0,1.0,0.0,72.10874938964844,83.16825103759766,78.51525115966797,71.96649932861328,80.14450073242188,38.58399963378906,60.57374954223633,75.29374694824219,2.0,0.0,0.0
perturb,protein_47,0.9935840986286333,5278.35888671875,69.35075378417969,0.0,1.0,0.0,69.97450256347656,81.39924621582031,75.114501953125,68.55449676513672,77.90325164794922,35.90475082397461,59.7712516784668,73.89824676513672,2.0,0.0,0.0
perturb,protein_48,0.9935840986286333,5153.12890625,59.86225128173828,0.0,1.0,0.0,61.25775146484375,73.16625213623047,67.44075012207031,61.653751373291016,69.02050018310547,29.042749404907227,50.42124938964844,64.80650329589844,1.0,0.0,0.0
perturb,protein_49,0.9935840986286333,5141.9169921875,77.91075134277344,0.0,1.0,0.0,79.49449920654297,88.6259994506836,81.84850311279297,78.5530014038086,85.12625122070312,45.31174850463867,68.92350006103516,82.0530014038086,3.0,0.0,0.0
perturb,protein_50,0.9935840986286333,5305.9736328125,100.2667465209961,0.0,1.0,0.0,96.73600006103516,114.2352523803711,106.90574645996094,102.35600280761719,108.2969970703125,60.7452507019043,91.26799774169922,109.177001953125,3.0,0.0,0.0
perturb,protein_51,0.9935840986286333,5232.8984375,73.1657485961914,0.0,1.0,0.0,74.94975280761719,86.6187515258789,78.81749725341797,75.46099853515625,83.20475006103516,41.47249984741211,64.87950134277344,79.74700164794922,3.0,0.0,0.0
perturb,protein_52,0.9935840986286333,5228.76123046875,58.35625076293945,0.0,1.0,0.0,59.356998443603516,69.8237533569336,62.1567497253418,58.98725128173828,66.16649627685547,26.641000747680664,49.11750030517578,63.18524932861328,1.0,0.0,0.0
perturb,protein_53,0.9935840986286333,5287.4609375,63.07699966430664,0.0,1.0,0.0,68.38075256347656,77.19999694824219,70.9384994506836,67.41925048828125,74.92749786376953,29.713499069213867,55.4787483215332,70.5425033569336,2.0,0.0,0.0
perturb,protein_54,0.9935840986286333,5296.99609375,56.3380012512207,0.0,1.0,0.0,57.25775146484375,69.44999694824219,62.81624984741211,58.108001708984375,65.74949645996094,25.232749938964844,47.78850173950195,62.744998931884766,1.0,0.0,0.0
perturb,protein_55,0.9935840986286333,5149.36181640625,64.76824951171875,0.0,1.0,0.0,66.50250244140625,76.79975128173828,71.11775207519531,65.97225189208984,72.6707534790039,33.89474868774414,56.23249816894531,69.84349822998047,2.0,0.0,0.0
perturb,protein_56,0.9935840986286333,5262.7412109375,66.23200225830078,0.0,1.0,0.0,68.35549926757812,81.24275207519531,74.80599975585938,70.24175262451172,78.48274993896484,36.71324920654297,57.60874938964844,72.34750366210938,2.0,0.0,0.0
perturb,protein_57,0.9935840986286333,5238.23681640625,67.3177490234375,0.0,1.0,0.0,68.58699798583984,81.08374786376953,76.16999816894531,69.12000274658203,78.00724792480469,35.67499923706055,55.54249954223633,73.39724731445312,2.0,0.0,0.0
perturb,protein_58,0.9935840986286333,5181.50244140625,70.87425231933594,0.0,1.0,0.0,73.52950286865234,81.95124816894531,73.32749938964844,71.68499755859375,77.77050018310547,32.89899826049805,61.20975112915039,75.57450103759766,2.0,0.0,0.0
perturb,protein_59,0.9935840986286333,5222.82421875,66.58525085449219,0.0,1.0,0.0,71.07499694824219,79.76850128173828,75.35724639892578,69.83149719238281,78.42925262451172,37.085750579833984,60.382999420166016,74.96600341796875,2.0,0.0,0.0
perturb,protein_60,0.9935840986286333,5288.6279296875,70.58149719238281,0.0,1.0,0.0,71.65625,84.3012466430664,78.71600341796875,71.125,80.65824890136719,40.179500579833984,58.58924865722656,75.15875244140625,2.0,0.0,0.0
perturb,protein_61,0.9935840986286333,5252.83203125,56.88975143432617,0.0,1.0,0.0,57.77349853515625,70.51200103759766,62.02925109863281,58.425750732421875,65.43250274658203,25.22224998474121,48.33625030517578,62.83100128173828,1.0,0.0,0.0
perturb,protein_62,0.9935840986286333,5290.4970703125,92.6762466430664,0.0,1.0,0.0,94.03250122070312,103.54724884033203,99.43550109863281,94.6155014038086,98.58574676513672,51.38349914550781,82.46949768066406,94.58975219726562,3.0,0.0,0.0
perturb,protein_63,0.9935840986286333,5271.7119140625,60.14175033569336,0.0,1.0,0.0,63.32374954223633,73.53275299072266,66.24500274658203,62.65024948120117,70.42925262451172,28.715749740600586,51.48500061035156,66.84449768066406,2.0,0.0,0.0
perturb,protein_64,0.9935840986286333,5267.35400390625,61.46900177001953,0.0,1.0,0.0,63.104000091552734,73.98300170898438,65.87225341796875,63.87799835205078,67.49199676513672,28.802249908447266,51.975250244140625,66.47274780273438,2.0,0.0,0.0
perturb,protein_65,0.9935840986286333,5282.85205078125,68.4365005493164,0.0,1.0,0.0,68.74774932861328,82.06099700927734,73.65125274658203,68.49624633789062,77.82074737548828,35.683250427246094,58.08774948120117,73.28575134277344,2.0,0.0,0.0
perturb,protein_66,0.9935840986286333,5265.52783203125,84.64324951171875,0.0,1.0,0.0,86.18724822998047,96.76225280761719,89.81175231933594,85.78250122070312,92.91699981689453,52.25674819946289,75.56275177001953,89.4157485961914,3.0,0.0,0.0
perturb,protein_67,0.9935840986286333,5189.935546875,54.980751037597656,0.0,1.0,0.0,55.91474914550781,65.8134994506836,59.15850067138672,55.6827507019043,63.082000732421875,23.78499984741211,46.162750244140625,59.671749114990234,1.0,0.0,0.0
perturb,protein_68,0.9935840986286333,5256.8974609375,61.12099838256836,0.0,1.0,0.0,69.82025146484375,79.33550262451172,74.0885009765625,66.26525115966797,77.2387466430664,33.29375076293945,60.08274841308594,71.73200225830078,2.0,0.0,0.0
perturb,protein_69,0.9935840986286333,5177.0400390625,75.10675048828125,0.0,1.0,0.0,78.02249908447266,87.23075103759766,82.5145034790039,76.49150085449219,86.60675048828125,45.93949890136719,69.09200286865234,82.9832534790039,3.0,0.0,0.0
perturb,protein_70,0.9935840986286333,5198.5400390625,65.64800262451172,0.0,1.0,0.0,66.92524719238281,77.68174743652344,70.13849639892578,67.0094985961914,74.19674682617188,32.762001037597656,57.34000015258789,70.70349884033203,2.0,0.0,0.0
perturb,protein_71,0.9935840986286333,5202.22802734375,66.8697509765625,0.0,1.0,0.0,69.28250122070312,78.91075134277344,71.45600128173828,67.927001953125,75.52649688720703,35.89875030517578,58.241249084472656,71.28825378417969,2.0,0.0,0.0
perturb,protein_72,0.9935840986286333,5195.18603515625,69.62674713134766,0.0,1.0,0.0,72.00450134277344,81.94425201416016,75.697998046875,72.427001953125,79.3125,36.821998596191406,61.7864990234375,76.4312515258789,2.0,0.0,0.0
perturb,protein_73,0.9935840986286333,5250.81787109375,55.471248626708984,0.0,1.0,0.0,56.09075164794922,68.03849792480469,60.80424880981445,56.99700164794922,63.990501403808594,24.707500457763672,46.73849868774414,61.64649963378906,1.0,0.0,0.0
perturb,protein_74,0.9935840986286333,5238.8310546875,55.25299835205078,0.0,1.0,0.0,56.523250579833984,68.20800018310547,61.55149841308594,57.40625,64.40299987792969,24.859500885009766,46.14550018310547,61.18050003051758,1.0,0.0,0.0
perturb,protein_75,0.9935840986286333,5217.3681640625,56.583499908447266,0.0,1.0,0.0,59.434749603271484,70.88849639892578,62.266998291015625,58.65700149536133,66.08450317382812,26.73724937438965,48.51124954223633,62.701751708984375,1.0,0.0,0.0
perturb,protein_76,0.9935840986286333,5205.3720703125,53.96799850463867,0.0,1.0,0.0,55.4119987487793,67.3134994506836,61.1192512512207,56.08649826049805,63.729000091552734,23.30500030517578,45.893001556396484,60.08024978637695,1.0,0.0,0.0
perturb,protein_77,0.9935840986286333,5266.51123046875,53.23625183105469,0.0,1.0,0.0,54.988250732421875,67.2300033569336,58.82749938964844,55.027000427246094,62.89250183105469,23.324499130249023,45.22174835205078,59.678749084472656,1.0,0.0,0.0
perturb,protein_78,0.9935840986286333,5248.736328125,54.646751403808594,0.0,1.0,0.0,56.480499267578125,68.03925323486328,61.22700119018555,55.11524963378906,64.05899810791016,24.018999099731445,45.9682502746582,60.79399871826172,1.0,0.0,0.0
perturb,protein_79,0.9935840986286333,5274.19384765625,54.32149887084961,0.0,1.0,0.0,55.631500244140625,66.7697525024414,59.27574920654297,55.60599899291992,62.19900131225586,23.118249893188477,45.63199996948242,59.43149948120117,1.0,0.0,0.0
perturb,protein_80,0.9935840986286333,5296.59423828125,55.193748474121094,0.0,1.0,0.0,56.5885009765625,67.02349853515625,59.896751403808594,57.20399856567383,64.39450073242188,23.847000122070312,46.571250915527344,61.27574920654297,1.0,0.0,0.0
perturb,protein_81,0.9935840986286333,5293.09619140625,78.41799926757812,0.0,1.0,0.0,80.19225311279297,91.81950378417969,84.13375091552734,80.81099700927734,88.24224853515625,46.8754997253418,70.36325073242188,84.66600036621094,3.0,0.0,0.0
perturb,protein_82,0.9935840986286333,5279.798828125,54.26300048828125,0.0,1.0,0.0,56.230751037597656,68.54624938964844,61.05099868774414,57.044498443603516,64.69000244140625,23.9112491607666,45.78874969482422,61.08399963378906,1.0,0.0,0.0
perturb,protein_83,0.9935840986286333,5247.89501953125,74.50225067138672,0.0,1.0,0.0,84.16600036621094,87.31400299072266,84.47975158691406,74.35649871826172,91.39524841308594,50.99449920654297,68.229248046875,77.23899841308594,3.0,0.0,0.0
perturb,protein_84,0.9935840986286333,5301.0908203125,55.66749954223633,0.0,1.0,0.0,56.86600112915039,67.97074890136719,60.23099899291992,57.08150100708008,63.80025100708008,23.892499923706055,47.05649948120117,61.398250579833984,1.0,0.0,0.0
perturb,protein_85,0.9935840986286333,5244.03564453125,63.36750030517578,0.0,1.0,0.0,64.72374725341797,77.18775177001953,68.78199768066406,65.07050323486328,72.70999908447266,31.77050018310547,54.56624984741211,69.47350311279297,2.0,0.0,0.0
perturb,protein_86,0.9935840986286333,5080.50732421875,59.427249908447266,0.0,1.0,0.0,60.37675094604492,68.81950378417969,61.707000732421875,59.91699981689453,65.69824981689453,26.84524917602539,50.915748596191406,62.31449890136719,1.0,0.0,0.0
perturb,protein_87,0.9935840986286333,5199.23291015625,65.99099731445312,0.0,1.0,0.0,65.70175170898438,76.69325256347656,70.2979965209961,66.54524993896484,72.83100128173828,33.23749923706055,55.96474838256836,69.63800048828125,2.0,0.0,0.0
perturb,protein_88,0.9935840986286333,5267.37841796875,55.60850143432617,0.0,1.0,0.0,57.4379997253418,69.1084976196289,61.708248138427734,57.1932487487793,65.70149993896484,25.036500930786133,47.36724853515625,61.99599838256836,1.0,0.0,0.0
perturb,protein_89,0.9935840986286333,5265.21142578125,76.87625122070312,0.0,1.0,0.0,79.0199966430664,90.05599975585938,82.95275115966797,79.3342514038086,86.4645004272461,45.449501037597656,68.85700225830078,83.14299774169922,3.0,0.0,0.0
perturb,protein_90,0.9935840986286333,5264.81689453125,77.81549835205078,0.0,1.0,0.0,74.3947525024414,89.3280029296875,81.72850036621094,74.91300201416016,84.25,42.0880012512207,67.1395034790039,83.2354965209961,3.0,0.0,0.0
perturb,protein_91,0.9935840986286333,5221.08935546875,65.28150177001953,0.0,1.0,0.0,67.03125,81.85399627685547,73.62875366210938,68.29900360107422,77.17575073242188,32.52024841308594,57.423500061035156,71.5112533569336,2.0,0.0,0.0
perturb,protein_92,0.9935840986286333,5270.001953125,55.04199981689453,0.0,1.0,0.0,56.226749420166016,68.6969985961914,60.709251403808594,56.732749938964844,63.88100051879883,24.319000244140625,46.77275085449219,60.985748291015625,1.0,0.0,0.0
perturb,protein_93,0.9935840986286333,5202.93115234375,54.80699920654297,0.0,1.0,0.0,56.182498931884766,68.76274871826172,60.68000030517578,56.366249084472656,64.82424926757812,24.394750595092773,46.1462516784668,62.05324935913086,1.0,0.0,0.0
perturb,protein_94,0.9935840986286333,5262.89404296875,55.3962516784668,0.0,1.0,0.0,57.355751037597656,68.87449645996094,62.04375076293945,57.495750427246094,64.81199645996094,24.328250885009766,46.80875015258789,61.650001525878906,1.0,0.0,0.0
perturb,protein_95,0.9935840986286333,5256.90380859375,59.50775146484375,0.0,1.0,0.0,60.65824890136719,72.04750061035156,64.10350036621094,60.92074966430664,68.62225341796875,27.158750534057617,51.17900085449219,65.08975219726562,1.0,0.0,0.0
perturb,protein_96,0.9935840986286333,5249.908203125,54.87200164794922,0.0,1.0,0.0,57.4067497253418,69.75375366210938,62.313751220703125,56.80524826049805,65.36624908447266,25.386749267578125,46.92974853515625,61.9010009765625,1.0,0.0,0.0
perturb,protein_97,0.9935840986286333,5264.9150390625,54.86774826049805,0.0,1.0,0.0,55.55149841308594,68.83499908447266,61.27149963378906,57.50775146484375,64.76699829101562,23.796249389648438,47.03575134277344,61.4739990234375,1.0,0.0,0.0
perturb,protein_98,0.9935840986286333,5282.55078125,56.16225051879883,0.0,1.0,0.0,57.89524841308594,69.47949981689453,60.879249572753906,58.122249603271484,65.958251953125,24.929500579833984,47.903499603271484,62.24300003051758,1.0,0.0,0.0
perturb,protein_99,0.9935840986286333,5268.66552734375,54.323001861572266,0.0,1.0,0.0,56.38174819946289,67.16974639892578,59.527748107910156,56.059749603271484,62.97774887084961,23.630250930786133,45.66975021362305,60.36199951171875,1.0,0.0,0.0
perturb,protein_100,0.9935840986286333,5140.95263671875,58.430999755859375,0.0,1.0,0.0,60.63399887084961,70.7042465209961,63.60675048828125,60.76850128173828,67.1467514038086,27.66925048828125,50.635250091552734,63.44725036621094,1.0,0.0,0.0
perturb,protein_101,0.9935840986286333,5258.51123046875,64.88800048828125,0.0,1.0,0.0,65.24400329589844,78.20099639892578,70.78475189208984,66.62374877929688,77.10075378417969,31.725749969482422,59.28424835205078,72.29450225830078,2.0,0.0,0.0
perturb,protein_102,0.9935840986286333,5296.28515625,55.447750091552734,0.0,1.0,0.0,57.106998443603516,68.6762466430664,59.308998107910156,57.050498962402344,64.55149841308594,23.54199981689453,46.91849899291992,60.87300109863281,1.0,0.0,0.0
perturb,protein_103,0.9935840986286333,5284.0869140625,58.68899917602539,0.0,1.0,0.0,59.8129997253418,71.37625122070312,64.55149841308594,60.00149917602539,67.29450225830078,26.00225067138672,49.40425109863281,64.02799987792969,1.0,0.0,0.0
perturb,protein_104,0.9935840986286333,5283.38134765625,81.19924926757812,0.0,1.0,0.0,80.92849731445312,91.9020004272461,85.27100372314453,81.59049987792969,88.0147476196289,41.0932502746582,69.34249877929688,83.26750183105469,3.0,0.0,0.0
